Forum,Weekday,WeekdayNr,Z
3dprinting,Tue,3,1.23401412426974
3dprinting,Wed,4,1.26884516809994
3dprinting,Thu,5,0.223913853194107
3dprinting,Fri,6,-0.512513930644289
3dprinting,Sat,7,-1.10961753916191
3dprinting,Sun,1,-1.14942444639642
3dprinting,Mon,2,0.0447827706388214
3dprinting.meta,Tue,3,1.53696975684835
3dprinting.meta,Wed,4,0.793476256584313
3dprinting.meta,Thu,5,0.443596962342411
3dprinting.meta,Fri,6,-0.431101273262343
3dprinting.meta,Sat,7,-1.3057995088671
3dprinting.meta,Sun,1,-0.955920214625196
3dprinting.meta,Mon,2,-0.0812219790204413
academia,Tue,3,0.791498539367446
academia,Wed,4,0.716250174099442
academia,Thu,5,0.844119773820596
academia,Fri,6,0.221084357895304
academia,Sat,7,-1.50383970747894
academia,Sun,1,-1.33018963378355
academia,Mon,2,0.261076496079698
academia.meta,Tue,3,0.783634392279045
academia.meta,Wed,4,1.23636750566867
academia.meta,Thu,5,0.299315247722706
academia.meta,Fri,6,0.0360983213333919
academia.meta,Sun,1,-0.900953936612568
academia.meta,Mon,2,0.246671862444844
academia.meta,Sat,7,-1.70113339283608
ai,Tue,3,1.03461563596258
ai,Wed,4,0.819555082419794
ai,Thu,5,0.924179135494661
ai,Fri,6,0.0232497895721927
ai,Sat,7,-1.17992682078878
ai,Sun,1,-1.40079982172461
ai,Mon,2,-0.220873000935831
ai.meta,Tue,3,1.23996951460679
ai.meta,Wed,4,1.39706972460222
ai.meta,Thu,5,0.375918359631922
ai.meta,Fri,6,-0.763058162834946
ai.meta,Sat,7,-0.566682900340658
ai.meta,Sun,1,-0.998708477828091
ai.meta,Mon,2,-0.684508057837231
android,Mon,2,0.46068820670859
android,Tue,3,0.795859981009644
android,Wed,4,0.683490253209291
android,Thu,5,0.715457503359391
android,Sat,7,-1.55373290502274
android,Fri,6,0.208825023707799
android,Sun,1,-1.31058806297198
android.meta,Mon,2,0.235784339055419
android.meta,Tue,3,1.10128538851495
android.meta,Wed,4,0.718854692242132
android.meta,Thu,5,0.708790726550742
android.meta,Fri,6,-0.0460067003034963
android.meta,Sat,7,-1.27381051465306
android.meta,Sun,1,-1.44489793140669
anime,Tue,3,0.1342138247726
anime,Wed,4,0.438168663228194
anime,Thu,5,0.852652533849458
anime,Fri,6,0.241979631134128
anime,Sat,7,-1.81386036714734
anime,Sun,1,-0.849494561501868
anime,Mon,2,0.99634027566483
anime.meta,Tue,3,1.35269843772911
anime.meta,Wed,4,0.242552823316943
anime.meta,Thu,5,0.43846087291909
anime.meta,Fri,6,0.307855506517659
anime.meta,Sat,7,-1.36824669563404
anime.meta,Sun,1,-1.34647913456713
anime.meta,Mon,2,0.373158189718374
apple,Tue,3,0.801683866611905
apple,Wed,4,0.952777891869102
apple,Thu,5,0.595274792222087
apple,Fri,6,0.156413371282735
apple,Sat,7,-1.47225969014349
apple,Sun,1,-1.34419566588704
apple,Mon,2,0.310305434044695
apple.meta,Tue,3,1.09891437840113
apple.meta,Wed,4,0.659975682320792
apple.meta,Thu,5,0.857498095556943
apple.meta,Sat,7,-1.29330151523671
apple.meta,Mon,2,0.100328844818363
apple.meta,Fri,6,-0.031352764005738
apple.meta,Sun,1,-1.39206272185478
arabic,Tue,3,1.06938319128284
arabic,Wed,4,1.58210115970613
arabic,Thu,5,0.112309650226052
arabic,Fri,6,-0.810582692935854
arabic,Sat,7,-0.913126286620511
arabic,Sun,1,-0.913126286620511
arabic,Mon,2,-0.126958735038146
arabic.meta,Tue,3,1.6343720690174
arabic.meta,Wed,4,0.911807575346549
arabic.meta,Thu,5,0.0688156660638905
arabic.meta,Fri,6,-1.01503107444239
arabic.meta,Sat,7,-0.412893996383343
arabic.meta,Mon,2,-0.0516117495479179
arabic.meta,Sun,1,-1.13545849005419
arduino,Tue,3,0.6475561868494
arduino,Wed,4,0.951918533117719
arduino,Thu,5,0.653298872628047
arduino,Fri,6,0.216854753450834
arduino,Sat,7,-1.37578343582742
arduino,Sun,1,-1.47149486547154
arduino,Mon,2,0.377649955252965
arduino.meta,Tue,3,-0.207545680114952
arduino.meta,Wed,4,1.69229554555269
arduino.meta,Thu,5,1.09626692573539
arduino.meta,Fri,6,-0.691818933716507
arduino.meta,Sat,7,-0.803574299932251
arduino.meta,Sun,1,-0.840826088670832
arduino.meta,Mon,2,-0.244797468853533
askubuntu,Wed,4,0.804434092744799
askubuntu,Thu,5,0.762732348524749
askubuntu,Fri,6,0.27001202406115
askubuntu,Sat,7,-1.5046815225762
askubuntu,Sun,1,-1.33408347803963
askubuntu,Mon,2,0.224400741320471
askubuntu,Tue,3,0.777185793964653
askubuntu.meta,Wed,4,0.874429289409552
askubuntu.meta,Thu,5,0.338950186862167
askubuntu.meta,Fri,6,0.769945562083233
askubuntu.meta,Sat,7,-1.41985922313087
askubuntu.meta,Sun,1,-1.42856620040807
askubuntu.meta,Mon,2,0.212699016342864
askubuntu.meta,Tue,3,0.652401368841124
astronomy,Tue,3,0.579804988577181
astronomy,Wed,4,0.997793333329755
astronomy,Thu,5,0.605330994363598
astronomy,Fri,6,0.41069520024217
astronomy,Sat,7,-1.45908472361286
astronomy,Sun,1,-1.39207895842351
astronomy,Mon,2,0.257539165523669
astronomy.meta,Tue,3,1.47039005312045
astronomy.meta,Wed,4,0.735195026560226
astronomy.meta,Thu,5,0
astronomy.meta,Fri,6,-0.339320781489335
astronomy.meta,Sat,7,-0.961408880886449
astronomy.meta,Sun,1,-1.4138365895389
astronomy.meta,Mon,2,0.508981172234003
augur,Wed,4,0.395511532508166
augur,Thu,5,1.32575465696737
augur,Fri,6,-0.711920758514698
augur,Sat,7,-1.39852877894887
augur,Sun,1,-0.468285654489668
augur,Mon,2,-0.29109648792601
augur,Tue,3,1.14856549040371
augur.meta,Thu,5,-0.207019667802706
augur.meta,Sat,7,0.75907211527659
augur.meta,Sun,1,-1.173111450882
augur.meta,Mon,2,0.276026223736942
augur.meta,Tue,3,-0.690065559342354
augur.meta,Wed,4,1.72516389835589
augur.meta,Fri,6,-0.690065559342354
aviation,Tue,3,0.744317031596122
aviation,Wed,4,0.821114793158428
aviation,Thu,5,0.644387414141555
aviation,Fri,6,0.23264037925931
aviation,Sat,7,-1.61883336635725
aviation,Sun,1,-1.23114346160296
aviation,Mon,2,0.407517209804803
aviation.meta,Tue,3,0.488072181563985
aviation.meta,Wed,4,0.511880580664667
aviation.meta,Thu,5,1.14280315683274
aviation.meta,Fri,6,0.273796589657845
aviation.meta,Sat,7,-1.30946195053752
aviation.meta,Sun,1,-1.49992914334298
aviation.meta,Mon,2,0.392838585161256
avp,Tue,3,0.737679547998272
avp,Wed,4,0.640355105747558
avp,Thu,5,0.709872564498068
avp,Fri,6,0.0508470555432302
avp,Sat,7,-1.39233538811736
avp,Mon,2,0.704311167798027
avp,Sun,1,-1.45073005346779
avp.meta,Tue,3,0.240360023240428
avp.meta,Wed,4,1.59458356881454
avp.meta,Thu,5,0.404508331794866
avp.meta,Fri,6,-0.0879365938684489
avp.meta,Sat,7,-0.90867813664064
avp.meta,Mon,2,0.281397100379037
avp.meta,Sun,1,-1.52423429371978
beer,Tue,3,1.25446262395587
beer,Wed,4,1.01652898486517
beer,Thu,5,0.473742870689514
beer,Fri,6,-0.0987849483724771
beer,Sat,7,-1.35537197982022
beer,Sun,1,-1.13974461939428
beer,Mon,2,-0.150832931923567
beer.meta,Tue,3,0.75449824978206
beer.meta,Wed,4,1.12512896897325
beer.meta,Thu,5,0.291209850793076
beer.meta,Fri,6,-0.0794208683981116
beer.meta,Sun,1,-1.00599766637608
beer.meta,Mon,2,0.569182890186466
beer.meta,Sat,7,-1.65460142496066
bicycles,Wed,4,0.887439091010824
bicycles,Thu,5,0.746093969617715
bicycles,Fri,6,0.00558776760224366
bicycles,Sat,7,-1.62210353598759
bicycles,Sun,1,-1.124284240515
bicycles,Mon,2,0.282055269195055
bicycles,Tue,3,0.825211679076751
bicycles.meta,Wed,4,-0.446777312135787
bicycles.meta,Thu,5,0.940749410764791
bicycles.meta,Fri,6,1.18301598142997
bicycles.meta,Sat,7,-1.26167395891867
bicycles.meta,Sun,1,-1.23964972522183
bicycles.meta,Mon,2,0.25799816616292
bicycles.meta,Tue,3,0.566337437918604
bioinformatics,Tue,3,0.783159341679884
bioinformatics,Wed,4,0.902552054386073
bioinformatics,Thu,5,0.788134038042642
bioinformatics,Fri,6,0.136448814521359
bioinformatics,Sat,7,-1.43555523611013
bioinformatics,Sun,1,-1.35596009430601
bioinformatics,Mon,2,0.18122108178618
bioinformatics.meta,Tue,3,0.507384152949097
bioinformatics.meta,Wed,4,1.28995971088754
bioinformatics.meta,Thu,5,0.808374752156188
bioinformatics.meta,Fri,6,0.447186033107679
bioinformatics.meta,Sat,7,-1.23836132245203
bioinformatics.meta,Sun,1,-1.05776696292778
bioinformatics.meta,Mon,2,-0.756776363720687
biology,Wed,4,1.07373073696992
biology,Thu,5,0.624858564248585
biology,Fri,6,-0.0434622262476215
biology,Sat,7,-1.49107498327392
biology,Sun,1,-1.2703794983526
biology,Mon,2,0.500171849603771
biology,Tue,3,0.606155557051863
biology.meta,Wed,4,1.22811531131169
biology.meta,Thu,5,0.256156604893471
biology.meta,Fri,6,-0.330370200703729
biology.meta,Sat,7,-1.48666590316678
biology.meta,Sun,1,-0.983928641226323
biology.meta,Mon,2,0.289672422356168
biology.meta,Tue,3,1.02702040653551
bitcoin,Tue,3,0.652818175955447
bitcoin,Wed,4,0.987694425748417
bitcoin,Thu,5,0.642939820504327
bitcoin,Fri,6,0.30905140625647
bitcoin,Sat,7,-1.44040534413689
bitcoin,Sun,1,-1.39792841569707
bitcoin,Mon,2,0.245829931369302
bitcoin.meta,Tue,3,0.521423664266924
bitcoin.meta,Wed,4,1.05556497888182
bitcoin.meta,Thu,5,0.99621594392461
bitcoin.meta,Fri,6,0.135654937045054
bitcoin.meta,Sat,7,-1.61514159419267
bitcoin.meta,Sun,1,-0.991976727141952
bitcoin.meta,Mon,2,-0.10174120278379
blender,Wed,4,0.932959434886474
blender,Thu,5,0.708086774669637
blender,Fri,6,0.142612009856585
blender,Sat,7,-1.54910783562406
blender,Sun,1,-1.24708221248764
blender,Mon,2,0.241405437985321
blender,Tue,3,0.771126390713687
blender.meta,Wed,4,0.633162417536422
blender.meta,Thu,5,1.76428069469784
blender.meta,Fri,6,-0.451787766679635
blender.meta,Sat,7,-0.798048463769866
blender.meta,Sun,1,-1.25972939322351
blender.meta,Mon,2,-0.105527069589404
blender.meta,Tue,3,0.217649581028145
boardgames,Tue,3,0.755006731913085
boardgames,Wed,4,0.597647803838155
boardgames,Thu,5,0.506674673544836
boardgames,Fri,6,0.178433784513536
boardgames,Sat,7,-1.57587239019682
boardgames,Sun,1,-1.27836566680515
boardgames,Mon,2,0.816475063192354
boardgames.meta,Tue,3,0.92656707501299
boardgames.meta,Wed,4,0.46497435333681
boardgames.meta,Thu,5,0.891059942576361
boardgames.meta,Fri,6,0.251931558717036
boardgames.meta,Sat,7,-1.45241079824117
boardgames.meta,Sun,1,-1.3695608225557
boardgames.meta,Mon,2,0.287438691153665
bricks,Tue,3,1.33249109889988
bricks,Wed,4,0.893764970331684
bricks,Thu,5,0.376909531196551
bricks,Fri,6,-0.133935960971894
bricks,Sat,7,-1.17365678620885
bricks,Sun,1,-1.37198503610954
bricks,Mon,2,0.0764121828621712
bricks.meta,Tue,3,1.60782660227362
bricks.meta,Wed,4,0.238196533670165
bricks.meta,Thu,5,0.535942200757872
bricks.meta,Fri,6,-0.178647400252624
bricks.meta,Sat,7,-1.19098266835083
bricks.meta,Sun,1,-1.25053180176837
bricks.meta,Mon,2,0.238196533670165
buddhism,Tue,3,1.30647717170768
buddhism,Wed,4,0.934856998421942
buddhism,Thu,5,0.133550999774563
buddhism,Fri,6,-0.0464525216607176
buddhism,Sat,7,-1.72454986665414
buddhism,Sun,1,0.0464525216607176
buddhism,Mon,2,-0.650335303250047
buddhism.meta,Tue,3,0.530375185622379
buddhism.meta,Wed,4,0.276085713063704
buddhism.meta,Thu,5,1.24238570878667
buddhism.meta,Fri,6,0.225227818551969
buddhism.meta,Sat,7,-1.9108037509409
buddhism.meta,Sun,1,0.225227818551969
buddhism.meta,Mon,2,-0.588498493635792
chemistry,Wed,4,1.05241793321039
chemistry,Thu,5,0.767326591796697
chemistry,Fri,6,-0.556902030277067
chemistry,Sat,7,-1.78403432592733
chemistry,Sun,1,-0.515584444564937
chemistry,Mon,2,0.579331576806506
chemistry,Tue,3,0.457444698955723
chemistry.meta,Wed,4,0.584748907625299
chemistry.meta,Thu,5,0.95366774634169
chemistry.meta,Fri,6,-0.767953501001466
chemistry.meta,Sat,7,-0.908494010988662
chemistry.meta,Sun,1,-1.40038579594385
chemistry.meta,Mon,2,0.461775961386502
chemistry.meta,Tue,3,1.07664069258049
chess,Tue,3,0.756292407473833
chess,Wed,4,0.561618570207841
chess,Thu,5,1.05371076996354
chess,Fri,6,0.242569781355243
chess,Sat,7,-1.02281016087371
chess,Sun,1,-1.69876098471396
chess,Mon,2,0.107379616587193
chess.meta,Tue,3,-0.172159089369528
chess.meta,Wed,4,1.79407893132456
chess.meta,Thu,5,0.398684206961013
chess.meta,Fri,6,-0.108732056443912
chess.meta,Mon,2,0.208403108184166
chess.meta,Sat,7,-0.679575352774453
chess.meta,Sun,1,-1.44069974788184
chinese,Tue,3,0.833892297156155
chinese,Wed,4,1.01319337128871
chinese,Thu,5,0.657081515719888
chinese,Fri,6,0.0145860000782428
chinese,Sat,7,-1.41733230028589
chinese,Sun,1,-1.33515264130847
chinese,Mon,2,0.233731757351362
chinese.meta,Tue,3,-0.226187763572977
chinese.meta,Wed,4,2.06688818437376
chinese.meta,Thu,5,0.101394514705128
chinese.meta,Fri,6,-0.772158227369818
chinese.meta,Sat,7,-0.280784809952661
chinese.meta,Mon,2,0.101394514705128
chinese.meta,Sun,1,-0.990546412888555
christianity,Tue,3,0.795846514874949
christianity,Wed,4,0.829143044447603
christianity,Thu,5,0.639769032503135
christianity,Fri,6,0.0633228642765651
christianity,Sat,7,-1.35386067565951
christianity,Sun,1,-1.47664162845867
christianity,Mon,2,0.502420848015937
christianity.meta,Tue,3,0.391391922810695
christianity.meta,Wed,4,0.934565462746234
christianity.meta,Thu,5,0.498832842797944
christianity.meta,Fri,6,0.492863902798653
christianity.meta,Sat,7,-1.12471883700938
christianity.meta,Sun,1,-1.71564389693925
christianity.meta,Mon,2,0.522708602795111
civicrm,Tue,3,0.834564423942617
civicrm,Wed,4,0.795438394244459
civicrm,Thu,5,0.768484907119061
civicrm,Fri,6,0.148554703234911
civicrm,Sat,7,-1.36171004311399
civicrm,Sun,1,-1.45909038369607
civicrm,Mon,2,0.273757998269017
civicrm.meta,Tue,3,0.518249439313193
civicrm.meta,Wed,4,0.619020163624091
civicrm.meta,Thu,5,0.820561612245889
civicrm.meta,Fri,6,0.619020163624091
civicrm.meta,Sat,7,-1.39639432259388
civicrm.meta,Sun,1,-1.49716504690478
civicrm.meta,Mon,2,0.316707990691396
codegolf,Thu,5,0.709211372770978
codegolf,Fri,6,0.49082298112294
codegolf,Sat,7,-1.39023985697559
codegolf,Sun,1,-1.52473679706118
codegolf,Mon,2,0.480268895281213
codegolf,Tue,3,0.564160346843656
codegolf,Wed,4,0.670513058017979
codegolf.meta,Thu,5,0.911744122448309
codegolf.meta,Fri,6,0.248396430210326
codegolf.meta,Sat,7,-1.43007424560396
codegolf.meta,Sun,1,-1.38484599386046
codegolf.meta,Mon,2,0.173016010637828
codegolf.meta,Tue,3,0.650425334596982
codegolf.meta,Wed,4,0.831338341570978
codereview,Wed,4,0.819756995320194
codereview,Thu,5,0.738349345396319
codereview,Fri,6,0.491439674505093
codereview,Sat,7,-1.46126923522008
codereview,Sun,1,-1.41371427140316
codereview,Mon,2,0.230021709568028
codereview,Tue,3,0.595415781833607
codereview.meta,Wed,4,0.734929677286635
codereview.meta,Thu,5,1.03213645187023
codereview.meta,Fri,6,0.296195867187048
codereview.meta,Sat,7,-1.2535251717131
codereview.meta,Mon,2,0.0980580174646544
codereview.meta,Tue,3,0.621708048873838
codereview.meta,Sun,1,-1.5295028909693
coffee,Tue,3,0.696695869008141
coffee,Wed,4,1.23683086857625
coffee,Thu,5,0.454026521376092
coffee,Fri,6,0.125248695552025
coffee,Sat,7,-1.42470391190429
coffee,Sun,1,-1.29945521635226
coffee,Mon,2,0.211357173744043
coffee.meta,Tue,3,0.704059259683197
coffee.meta,Wed,4,1.49713750622289
coffee.meta,Thu,5,0.64741081350179
coffee.meta,Sun,1,-1.44858169521026
coffee.meta,Mon,2,-0.37226121776353
coffee.meta,Fri,6,-0.315612771582123
coffee.meta,Sat,7,-0.71215189485197
cogsci,Wed,4,1.03362363739508
cogsci,Thu,5,0.779345617972009
cogsci,Fri,6,0.0820074131905572
cogsci,Sat,7,-1.2433204456206
cogsci,Sun,1,-1.53612543768353
cogsci,Mon,2,0.544331084868868
cogsci,Tue,3,0.340138129877614
cogsci.meta,Wed,4,0.296625551428952
cogsci.meta,Thu,5,1.20046105519482
cogsci.meta,Fri,6,0.711901323429485
cogsci.meta,Sat,7,-1.26676559022011
cogsci.meta,Sun,1,-1.46218948292625
cogsci.meta,Mon,2,0.467621457546819
cogsci.meta,Tue,3,0.0523456855462856
computergraphics,Tue,3,1.14166047643997
computergraphics,Wed,4,0.889955804468955
computergraphics,Thu,5,0.4135148182381
computergraphics,Fri,6,0.314630839963772
computergraphics,Sat,7,-1.61810146267083
computergraphics,Sun,1,-0.997829235313676
computergraphics,Mon,2,-0.143831241126296
computergraphics.meta,Tue,3,2.11031082741508
computergraphics.meta,Wed,4,0.27618161835298
computergraphics.meta,Thu,5,-0.814381695143402
computergraphics.meta,Fri,6,-0.169957918986449
computergraphics.meta,Sun,1,-0.467384277212735
computergraphics.meta,Mon,2,-0.21952897869083
computergraphics.meta,Sat,7,-0.71523957573464
conlang,Tue,3,0.819075559965124
conlang,Wed,4,0.95613202816646
conlang,Thu,5,0.887603794065792
conlang,Fri,6,0.499277134162008
conlang,Sat,7,-1.07687225015335
conlang,Sun,1,-1.19108597365446
conlang,Mon,2,-0.89413029255157
conlang.meta,Tue,3,1.6996273199135
conlang.meta,Wed,4,-0.0259485087009694
conlang.meta,Thu,5,0.882249295832961
conlang.meta,Fri,6,-0.0259485087009694
conlang.meta,Sat,7,-1.20660565459508
conlang.meta,Sun,1,-0.661686971874721
conlang.meta,Mon,2,-0.661686971874721
cooking,Fri,6,0.0994895127836827
cooking,Sat,7,-1.69396303182129
cooking,Sun,1,-1.09438464062051
cooking,Mon,2,0.84169888691328
cooking,Tue,3,0.721078858140143
cooking,Wed,4,0.736926745132234
cooking,Thu,5,0.389153669472458
cooking.meta,Fri,6,0.296534722747928
cooking.meta,Sat,7,-0.881191835683559
cooking.meta,Sun,1,-1.82337308242875
cooking.meta,Mon,2,0.605687944336194
cooking.meta,Tue,3,1.09150014968918
cooking.meta,Wed,4,0.355421050669503
cooking.meta,Thu,5,0.355421050669503
craftcms,Thu,5,0.751422428314353
craftcms,Fri,6,0.324643127433118
craftcms,Sat,7,-1.4004849456703
craftcms,Sun,1,-1.46548069241001
craftcms,Mon,2,0.285489063132087
craftcms,Tue,3,0.689559006718724
craftcms,Wed,4,0.814852012482023
craftcms.meta,Thu,5,1.5612494995996
craftcms.meta,Fri,6,0.240192230707631
craftcms.meta,Sun,1,-1.20096115353815
craftcms.meta,Mon,2,-1.20096115353815
craftcms.meta,Wed,4,-0.360288346061446
craftcms.meta,Sat,7,0.600480576769077
craftcms.meta,Tue,3,0.360288346061446
crafts,Tue,3,0.442040084561589
crafts,Wed,4,1.53967340264526
crafts,Thu,5,-0.185178954343368
crafts,Fri,6,0.400225481967925
crafts,Sat,7,-1.09464656075556
crafts,Sun,1,-1.39780242955962
crafts,Mon,2,0.295688975483765
crafts.meta,Tue,3,0.0329392009376165
crafts.meta,Wed,4,1.87753445344414
crafts.meta,Thu,5,0.436444412423419
crafts.meta,Fri,6,-0.0247044007032125
crafts.meta,Sat,7,-1.23522003516062
crafts.meta,Sun,1,-0.255278807266529
crafts.meta,Mon,2,-0.831714823674819
crypto,Tue,3,0.622831357097469
crypto,Wed,4,0.834330766063804
crypto,Thu,5,0.77150915944014
crypto,Fri,6,0.246948744132546
crypto,Sat,7,-1.55289028563543
crypto,Sun,1,-1.30474493947195
crypto,Mon,2,0.382015198373424
crypto.meta,Tue,3,0.856605673510374
crypto.meta,Wed,4,0.60144653672005
crypto.meta,Thu,5,0.448351054645855
crypto.meta,Fri,6,-0.24057861468802
crypto.meta,Sun,1,-1.18466742081222
crypto.meta,Mon,2,1.00970115558457
crypto.meta,Sat,7,-1.49085838496061
cs,Tue,3,0.846927482521083
cs,Wed,4,0.977141465050195
cs,Thu,5,0.432496441971695
cs,Fri,6,-0.168491169701133
cs,Sat,7,-1.54575444645136
cs,Sun,1,-1.15886867143698
cs,Mon,2,0.616548898046499
cs.meta,Tue,3,0.720508061417906
cs.meta,Wed,4,1.90328899409951
cs.meta,Thu,5,-0.417639628520999
cs.meta,Fri,6,-0.819338813205319
cs.meta,Sat,7,-0.930921920062074
cs.meta,Sun,1,-0.0828903079507328
cs.meta,Mon,2,-0.373006385778297
cseducators,Tue,3,1.33811586482012
cseducators,Wed,4,1.06712636263642
cseducators,Thu,5,0.12455418112791
cseducators,Fri,6,-0.452771280046052
cseducators,Sat,7,-1.15970041617743
cseducators,Sun,1,-1.195046872984
cseducators,Mon,2,0.277722160623043
cseducators.meta,Tue,3,0.134709281141959
cseducators.meta,Wed,4,1.25448018063449
cseducators.meta,Thu,5,0.665127075638421
cseducators.meta,Fri,6,0.4883211441396
cseducators.meta,Sat,7,-1.86909127584468
cseducators.meta,Sun,1,-0.395708513354504
cseducators.meta,Mon,2,-0.27783789235529
cstheory,Mon,2,0.398703552535544
cstheory,Tue,3,0.835303680361595
cstheory,Wed,4,0.647399827879497
cstheory,Thu,5,0.726614197063127
cstheory,Fri,6,0.223695062478688
cstheory,Sat,7,-1.67744979792842
cstheory,Sun,1,-1.15426652239003
cstheory.meta,Mon,2,1.21760134638639
cstheory.meta,Tue,3,0.20170365738118
cstheory.meta,Wed,4,0.959322272910489
cstheory.meta,Thu,5,0.494419940653867
cstheory.meta,Fri,6,-0.349291699367409
cstheory.meta,Sat,7,-1.21022194428708
cstheory.meta,Sun,1,-1.31353357367744
datascience,Tue,3,0.69673481549798
datascience,Wed,4,0.768131182348218
datascience,Thu,5,0.772955261189451
datascience,Fri,6,0.210467668301764
datascience,Sat,7,-1.49436179418973
datascience,Sun,1,-1.36990056008594
datascience,Mon,2,0.41597342693826
datascience.meta,Wed,4,1.46156954479018
datascience.meta,Thu,5,-0.285184301422474
datascience.meta,Fri,6,-0.409952433294807
datascience.meta,Sun,1,-1.20015060181958
datascience.meta,Mon,2,0.297066980648411
datascience.meta,Tue,3,1.08726514917318
datascience.meta,Sat,7,-0.950614338074915
dba,Mon,2,0.310494001084676
dba,Tue,3,0.652683333395711
dba,Wed,4,0.845414379598016
dba,Thu,5,0.705236535803619
dba,Fri,6,0.36164434593344
dba,Sat,7,-1.42106387537791
dba,Sun,1,-1.45440872043755
dba.meta,Mon,2,0.208598445288325
dba.meta,Tue,3,0.859638178990742
dba.meta,Wed,4,0.952643855233944
dba.meta,Thu,5,0.0411882280505612
dba.meta,Fri,6,0.673626826504337
dba.meta,Sat,7,-1.13068329261379
dba.meta,Sun,1,-1.60501224145412
devops,Tue,3,0.855314168660017
devops,Wed,4,0.762375619287646
devops,Thu,5,0.777050127083283
devops,Fri,6,0.366163908805432
devops,Sat,7,-1.7176161981751
devops,Sun,1,-0.998565316188859
devops,Mon,2,-0.044722309472419
devops.meta,Tue,3,0.468907316354234
devops.meta,Wed,4,1.60075256272652
devops.meta,Thu,5,-0.0970153068319106
devops.meta,Fri,6,-1.2288605532042
devops.meta,Sat,7,-0.662937930018056
devops.meta,Sun,1,-0.832714716973899
devops.meta,Mon,2,0.751868627947307
diy,Wed,4,0.603947538343639
diy,Thu,5,0.188373255172517
diy,Fri,6,-0.392421759699417
diy,Sat,7,-1.58869553083086
diy,Sun,1,-0.877363525645689
diy,Mon,2,1.12672611307636
diy,Tue,3,0.939433909583453
diy.meta,Wed,4,1.01374634938906
diy.meta,Thu,5,0.414714415659163
diy.meta,Fri,6,0.29183607027867
diy.meta,Sat,7,-1.12126490159699
diy.meta,Mon,2,0.261116483933547
diy.meta,Tue,3,0.798709244973202
diy.meta,Sun,1,-1.65885766263665
drupal,Wed,4,0.7748271252914
drupal,Thu,5,0.738574996366747
drupal,Fri,6,0.302539328031525
drupal,Sat,7,-1.39805589632248
drupal,Sun,1,-1.47796770992728
drupal,Mon,2,0.354279982626772
drupal,Tue,3,0.705802173933314
drupal.meta,Wed,4,0.782949128049932
drupal.meta,Thu,5,0.885284802463097
drupal.meta,Fri,6,0.589648409713953
drupal.meta,Sat,7,-1.05909301138705
drupal.meta,Sun,1,-1.7299602103178
drupal.meta,Mon,2,0.271270755984105
drupal.meta,Tue,3,0.259900125493753
dsp,Tue,3,0.875393079462076
dsp,Wed,4,0.857730671805843
dsp,Thu,5,0.676690993329449
dsp,Fri,6,0.0187663081347482
dsp,Sat,7,-1.35779758857296
dsp,Sun,1,-1.43617452254749
dsp,Mon,2,0.365391058388332
dsp.meta,Tue,3,0.834111983699667
dsp.meta,Wed,4,0.327859045616054
dsp.meta,Thu,5,0.834111983699667
dsp.meta,Fri,6,-0.0433931089785956
dsp.meta,Sun,1,-1.19089976863478
dsp.meta,Mon,2,0.800361787827426
dsp.meta,Sat,7,-1.56215192322943
earthscience,Tue,3,0.737411435792437
earthscience,Wed,4,1.15426429210809
earthscience,Thu,5,0.755149855210124
earthscience,Fri,6,-0.0430790185858128
earthscience,Sat,7,-1.24042232927972
earthscience,Sun,1,-1.41780652345659
earthscience,Mon,2,0.0544822882114684
earthscience.meta,Tue,3,0.857432919209622
earthscience.meta,Wed,4,1.3844404695531
earthscience.meta,Thu,5,0.56465094679658
earthscience.meta,Fri,6,0.125477988177018
earthscience.meta,Sat,7,-1.16276269044036
earthscience.meta,Sun,1,-0.665033337338194
earthscience.meta,Mon,2,-1.10420629595776
ebooks,Wed,4,0.268670313925151
ebooks,Thu,5,1.15370193626682
ebooks,Fri,6,1.26433088905953
ebooks,Sat,7,-1.48756431165911
ebooks,Sun,1,-0.851447833101029
ebooks,Mon,2,-0.173845497245686
ebooks,Tue,3,-0.173845497245686
ebooks.meta,Wed,4,0
ebooks.meta,Thu,5,1.59654346917052
ebooks.meta,Fri,6,1.12349355237926
ebooks.meta,Sat,7,-1.06436231278035
ebooks.meta,Sun,1,-0.532181156390174
ebooks.meta,Mon,2,-0.827837354384716
ebooks.meta,Tue,3,-0.295656197994541
economics,Tue,3,0.81986846164036
economics,Wed,4,1.01094761829603
economics,Thu,5,0.588562114109815
economics,Fri,6,0.139358482673682
economics,Sat,7,-1.58705845903981
economics,Sun,1,-1.17472975257232
economics,Mon,2,0.203051534892238
economics.meta,Tue,3,0.914678190315148
economics.meta,Wed,4,1.40991831545816
economics.meta,Thu,5,0.454812359825212
economics.meta,Fri,6,0.0303208239883476
economics.meta,Sat,7,-1.13703089956303
economics.meta,Sun,1,-1.20777948886917
economics.meta,Mon,2,-0.464919301154661
electronics,Wed,4,0.790390163505634
electronics,Thu,5,0.687839306483414
electronics,Fri,6,0.191340975099276
electronics,Sat,7,-1.48267638742195
electronics,Sun,1,-1.36283196260509
electronics,Mon,2,0.344561985759794
electronics,Tue,3,0.831375919178932
electronics.meta,Wed,4,1.33409764026531
electronics.meta,Thu,5,0.687679196013046
electronics.meta,Fri,6,0.0206303758803914
electronics.meta,Sat,7,-1.25157613674374
electronics.meta,Sun,1,-1.40974235182674
electronics.meta,Mon,2,0.336962806046393
electronics.meta,Tue,3,0.281948470365349
elementaryos,Tue,3,1.21502993794452
elementaryos,Wed,4,0.739090749817029
elementaryos,Thu,5,0.175014674999263
elementaryos,Fri,6,0.765531815824112
elementaryos,Sat,7,-1.54365461546112
elementaryos,Sun,1,-0.856186899276966
elementaryos,Mon,2,-0.494825663846835
elementaryos.meta,Tue,3,0.0658575641704972
elementaryos.meta,Wed,4,1.5641171490493
elementaryos.meta,Thu,5,0.296359038767237
elementaryos.meta,Fri,6,-0.164643910426242
elementaryos.meta,Sun,1,0.526860513363976
elementaryos.meta,Sat,7,-1.66290349530505
elementaryos.meta,Mon,2,-0.625646859619721
ell,Wed,4,1.04196813090961
ell,Thu,5,0.556036219849678
ell,Fri,6,0.340987357953316
ell,Sat,7,-1.46664445482259
ell,Sun,1,-1.36370017204868
ell,Mon,2,0.244586143999774
ell,Tue,3,0.646766774158893
ell.meta,Wed,4,0.128878250306593
ell.meta,Thu,5,1.86584929548351
ell.meta,Fri,6,0.411640978591207
ell.meta,Sat,7,-0.988707771008787
ell.meta,Sun,1,-1.13682158106263
ell.meta,Mon,2,-0.24813872073956
ell.meta,Tue,3,-0.0327004515703298
emacs,Tue,3,0.818106892682639
emacs,Wed,4,0.854531439848015
emacs,Thu,5,0.720974766908305
emacs,Fri,6,0.216427335802734
emacs,Sat,7,-1.4375169169658
emacs,Sun,1,-1.38625273947379
emacs,Mon,2,0.213729221197891
emacs.meta,Tue,3,1.21049098974858
emacs.meta,Wed,4,0.998655066542579
emacs.meta,Fri,6,-0.0252185622864285
emacs.meta,Sat,7,-1.54337601192944
emacs.meta,Sun,1,-0.978480216713435
emacs.meta,Mon,2,0.433759271326575
emacs.meta,Thu,5,-0.095830536688429
engineering,Tue,3,0.634889098839369
engineering,Wed,4,0.816749914875198
engineering,Thu,5,0.79401731287072
engineering,Fri,6,0.34618505338249
engineering,Sat,7,-1.34284727555028
engineering,Sun,1,-1.51788831098476
engineering,Mon,2,0.268894206567262
engineering.meta,Tue,3,1.34456941313883
engineering.meta,Wed,4,1.08552392987355
engineering.meta,Thu,5,0.178864738445074
engineering.meta,Fri,6,0.135690491234194
engineering.meta,Sat,7,-0.943665689037803
engineering.meta,Sun,1,-1.3754081611466
engineering.meta,Mon,2,-0.425574722507244
english,Thu,5,0.747936391173412
english,Fri,6,0.39752085989263
english,Sat,7,-1.50301906577123
english,Sun,1,-1.34948010506869
english,Mon,2,0.182442493166582
english,Tue,3,0.703484385615179
english,Wed,4,0.821115040992119
english.meta,Thu,5,0.658900913138551
english.meta,Fri,6,0.464795834518577
english.meta,Sat,7,-1.35609466491641
english.meta,Sun,1,-1.46239030320831
english.meta,Mon,2,0.0396132813510155
english.meta,Tue,3,0.848384442267573
english.meta,Wed,4,0.806790496849007
eosio,Tue,3,0.595065019915495
eosio,Wed,4,1.16679415669705
eosio,Thu,5,0.617340181088803
eosio,Fri,6,0.505964375222266
eosio,Sat,7,-1.32059884098893
eosio,Sun,1,-1.36514916333555
eosio,Mon,2,-0.199415728599132
eosio.meta,Tue,3,1.12136984236821
eosio.meta,Wed,4,1.6119691484043
eosio.meta,Sat,7,-1.0863270347942
eosio.meta,Fri,6,-0.10512842272202
eosio.meta,Sun,1,-0.350428075740065
eosio.meta,Mon,2,-0.841027381776157
eosio.meta,Thu,5,-0.350428075740065
esperanto,Tue,3,1.05864001215956
esperanto,Wed,4,1.07049678029575
esperanto,Thu,5,0.868931721980568
esperanto,Fri,6,-0.542023686225694
esperanto,Sat,7,-1.26528654253311
esperanto,Sun,1,-1.02815117980936
esperanto,Mon,2,-0.162607105867708
esperanto.meta,Tue,3,1.02215558380742
esperanto.meta,Wed,4,1.47405594717491
esperanto.meta,Thu,5,-0.182912051839222
esperanto.meta,Fri,6,0.193671584300353
esperanto.meta,Sat,7,-0.408862233522967
esperanto.meta,Sun,1,-1.46329641471378
esperanto.meta,Mon,2,-0.634812415206712
ethereum,Wed,4,0.769174026231361
ethereum,Thu,5,0.755992716414486
ethereum,Fri,6,0.197521432067917
ethereum,Sat,7,-1.41961715651824
ethereum,Sun,1,-1.41753589707347
ethereum,Mon,2,0.281465563006966
ethereum,Tue,3,0.832999315870969
ethereum.meta,Wed,4,0.994025802629271
ethereum.meta,Thu,5,0.462498116501119
ethereum.meta,Fri,6,0.945705103890348
ethereum.meta,Sat,7,-0.987122845666568
ethereum.meta,Sun,1,-1.51865053179472
ethereum.meta,Mon,2,-0.503915858277339
ethereum.meta,Tue,3,0.607460212717888
expatriates,Wed,4,1.20439041109136
expatriates,Thu,5,0.614466003659455
expatriates,Fri,6,-0.0208372043441409
expatriates,Sat,7,-1.40489062178055
expatriates,Sun,1,-1.32061570643313
expatriates,Mon,2,0.355158571821252
expatriates,Tue,3,0.572328545985747
expatriates.meta,Wed,4,0.872114845100867
expatriates.meta,Thu,5,1.49894739001711
expatriates.meta,Fri,6,0.51781818927864
expatriates.meta,Sat,7,-0.981129200738475
expatriates.meta,Sun,1,-1.19915791201369
expatriates.meta,Mon,2,-0.545071778188042
expatriates.meta,Tue,3,-0.163521533456412
expressionengine,Thu,5,0.719213765020759
expressionengine,Fri,6,0.343852059073445
expressionengine,Sat,7,-1.40707988649348
expressionengine,Sun,1,-1.45244081772578
expressionengine,Mon,2,0.237253870677532
expressionengine,Tue,3,0.739626184075295
expressionengine,Wed,4,0.819574825372231
expressionengine.meta,Thu,5,0.912629903207248
expressionengine.meta,Fri,6,0.786126748307233
expressionengine.meta,Sat,7,-1.49093003989303
expressionengine.meta,Sun,1,-1.04816899774298
expressionengine.meta,Tue,3,0.153610973807161
expressionengine.meta,Wed,4,1.03913305810726
expressionengine.meta,Mon,2,-0.352401645792898
fitness,Tue,3,0.698888150207042
fitness,Wed,4,0.909340902254827
fitness,Thu,5,0.664352313973559
fitness,Fri,6,0.0351525475947948
fitness,Sat,7,-1.51788083802963
fitness,Sun,1,-1.29663563715888
fitness,Mon,2,0.506782561158294
fitness.meta,Tue,3,0.742277373734491
fitness.meta,Wed,4,0.171624826296992
fitness.meta,Thu,5,0.922483441346333
fitness.meta,Fri,6,0.0815217924910711
fitness.meta,Sat,7,-1.93077929584116
fitness.meta,Sun,1,-0.639302477956296
fitness.meta,Mon,2,0.65217433992857
freelancing,Tue,3,0.631054748100955
freelancing,Wed,4,1.1271016556111
freelancing,Thu,5,0.528424353443685
freelancing,Fri,6,0.323163564129144
freelancing,Sat,7,-1.35313288193961
freelancing,Sun,1,-1.44293447726472
freelancing,Mon,2,0.186323037919449
freelancing.meta,Tue,3,0.183863192942214
freelancing.meta,Wed,4,2.11442671883546
freelancing.meta,Thu,5,-0.202249512236436
freelancing.meta,Fri,6,-0.0735452771768858
freelancing.meta,Sat,7,-0.91012280506396
freelancing.meta,Sun,1,-0.588362217415085
freelancing.meta,Mon,2,-0.52401009988531
french,Wed,4,0.60595839361868
french,Thu,5,0.765396154194934
french,Fri,6,0.625888113690712
french,Sat,7,-1.58132838428681
french,Sun,1,-1.32058121334439
french,Mon,2,0.479736833162479
french,Tue,3,0.424930102964391
french.meta,Wed,4,0.832668098937455
french.meta,Thu,5,1.38778016489576
french.meta,Fri,6,0.428950232785962
french.meta,Sun,1,-1.05975939864767
french.meta,Mon,2,0.15139419980681
french.meta,Tue,3,-0.353253132882557
french.meta,Sat,7,-1.38778016489576
gamedev,Wed,4,0.866212362457983
gamedev,Thu,5,0.753490691743079
gamedev,Fri,6,0.175792129329195
gamedev,Sat,7,-1.52113868855809
gamedev,Sun,1,-1.32669380657488
gamedev,Mon,2,0.418143721366239
gamedev,Tue,3,0.634193590236472
gamedev.meta,Wed,4,0.631066563256504
gamedev.meta,Thu,5,0.551112428545273
gamedev.meta,Fri,6,-0.148486250178001
gamedev.meta,Sat,7,-1.34779827084647
gamedev.meta,Sun,1,-1.37778107136318
gamedev.meta,Mon,2,0.591089495900889
gamedev.meta,Tue,3,1.10079710468499
gaming,Wed,4,0.80733964180678
gaming,Thu,5,0.584015553541714
gaming,Fri,6,0.161246910545948
gaming,Sat,7,-1.70303836242584
gaming,Sun,1,-1.1252209171858
gaming,Mon,2,0.660362794560042
gaming,Tue,3,0.615294379157152
gaming.meta,Wed,4,0.821050765389818
gaming.meta,Thu,5,0.77621137067601
gaming.meta,Fri,6,0.433321881688064
gaming.meta,Sat,7,-1.34442823814175
gaming.meta,Sun,1,-1.50796014827446
gaming.meta,Mon,2,0.169560736312721
gaming.meta,Tue,3,0.652243632349599
gardening,Wed,4,1.15232716953976
gardening,Thu,5,0.141998452694805
gardening,Fri,6,-0.375420566713661
gardening,Sat,7,-1.51918892540606
gardening,Sun,1,-0.974537326028728
gardening,Mon,2,0.869108337863545
gardening,Tue,3,0.705712858050345
gardening.meta,Wed,4,1.29290316589824
gardening.meta,Thu,5,0.816570420567307
gardening.meta,Fri,6,-0.344490646176833
gardening.meta,Sat,7,-0.880364984674128
gardening.meta,Sun,1,-1.56509330608734
gardening.meta,Mon,2,0.54863325131866
gardening.meta,Tue,3,0.131842099154097
genealogy,Tue,3,0.981176083593544
genealogy,Wed,4,1.42344863642548
genealogy,Thu,5,-0.553769835058477
genealogy,Fri,6,-1.15213858300757
genealogy,Sat,7,-0.937506314721483
genealogy,Sun,1,0.60394361206042
genealogy,Mon,2,-0.365153599291915
genealogy.meta,Wed,4,1.09373527949223
genealogy.meta,Thu,5,-0.544849677975836
genealogy.meta,Fri,6,1.00898088514044
genealogy.meta,Sat,7,-1.02512457930268
genealogy.meta,Sun,1,-0.686107001895497
genealogy.meta,Mon,2,1.0654838147083
genealogy.meta,Tue,3,-0.912118720166955
german,Tue,3,0.575651237727487
german,Wed,4,1.18066399691952
german,Thu,5,0.5843356314001
german,Fri,6,0.0516928194798385
german,Sat,7,-1.67939631926101
german,Sun,1,-1.01069800646981
german,Mon,2,0.297750640203872
german.meta,Tue,3,0.401537083836876
german.meta,Wed,4,1.44423822089715
german.meta,Thu,5,0.129528091560283
german.meta,Fri,6,0.741548324182617
german.meta,Sat,7,-1.23051686982268
german.meta,Sun,1,-1.27585170186878
german.meta,Mon,2,-0.210483148785459
gis,Thu,5,0.725472543472863
gis,Fri,6,0.320185239652946
gis,Sat,7,-1.43726259959733
gis,Sun,1,-1.44214920222176
gis,Mon,2,0.353714851506717
gis,Tue,3,0.688635077534863
gis,Wed,4,0.791404089651693
gis.meta,Thu,5,0.9548189359373
gis.meta,Fri,6,0.659713799412526
gis.meta,Sat,7,-1.3262640112542
gis.meta,Sun,1,-1.50173193026893
gis.meta,Mon,2,0.101406784365656
gis.meta,Tue,3,0.484245880397795
gis.meta,Wed,4,0.627810541409847
graphicdesign,Tue,3,0.759392210607517
graphicdesign,Wed,4,0.974176918780935
graphicdesign,Thu,5,0.663619357126911
graphicdesign,Fri,6,0.282640579678323
graphicdesign,Sat,7,-1.42401758510292
graphicdesign,Sun,1,-1.38211696170516
graphicdesign,Mon,2,0.126305480614392
graphicdesign.meta,Tue,3,0.484262735463424
graphicdesign.meta,Wed,4,0.935747862194608
graphicdesign.meta,Thu,5,0.499065526503791
graphicdesign.meta,Fri,6,0.336234825059758
graphicdesign.meta,Sat,7,-1.33648056250168
graphicdesign.meta,Sun,1,-1.53631824154663
graphicdesign.meta,Mon,2,0.617487854826724
ham,Tue,3,1.22715592428312
ham,Wed,4,0.808012206723701
ham,Thu,5,0.544281328259346
ham,Fri,6,-0.322262986694964
ham,Sat,7,-1.3960244204427
ham,Sun,1,-1.17938834170412
ham,Mon,2,0.318226289575613
ham.meta,Tue,3,1.55037206934373
ham.meta,Wed,4,1.11626788992749
ham.meta,Thu,5,0.0852704638139052
ham.meta,Fri,6,-0.131781625894217
ham.meta,Sat,7,-0.999989984726708
ham.meta,Mon,2,-0.728674872591555
ham.meta,Sun,1,-0.891463939872647
hardwarerecs,Wed,4,1.20729537342292
hardwarerecs,Thu,5,0.387578085545213
hardwarerecs,Fri,6,-0.00414522016625884
hardwarerecs,Sat,7,-1.2518564902102
hardwarerecs,Sun,1,-1.36792265486546
hardwarerecs,Mon,2,0.97516304411242
hardwarerecs,Tue,3,0.0538878621613666
hardwarerecs.meta,Wed,4,1.21853010558675
hardwarerecs.meta,Thu,5,1.15266361339287
hardwarerecs.meta,Fri,6,0.131732984387757
hardwarerecs.meta,Sat,7,-1.28439659778063
hardwarerecs.meta,Sun,1,-1.05386387510205
hardwarerecs.meta,Mon,2,0.362265707066331
hardwarerecs.meta,Tue,3,-0.526931937551027
health,Tue,3,0.78481521571976
health,Wed,4,0.913496629468405
health,Thu,5,0.903598059180048
health,Fri,6,-0.0664618290789701
health,Sat,7,-1.18994955680753
health,Sun,1,-1.51165309117914
health,Mon,2,0.166154572697427
health.meta,Tue,3,0.877864194002741
health.meta,Wed,4,0.610688134958428
health.meta,Thu,5,0.577291127577889
health.meta,Fri,6,0.844467186622202
health.meta,Sat,7,-0.291031064316126
health.meta,Sun,1,-1.69370537429877
health.meta,Mon,2,-0.925574204546369
hermeneutics,Tue,3,1.11668632385708
hermeneutics,Wed,4,0.855290670402678
hermeneutics,Thu,5,0.293110977356898
hermeneutics,Fri,6,0.0818459971677197
hermeneutics,Sat,7,-0.824086883982486
hermeneutics,Sun,1,-1.78373120077401
hermeneutics,Mon,2,0.260884115972108
hermeneutics.meta,Tue,3,1.0013906930698
hermeneutics.meta,Wed,4,-0.296084267422079
hermeneutics.meta,Thu,5,0.259976429931581
hermeneutics.meta,Fri,6,0.832887451447474
hermeneutics.meta,Sat,7,-1.03749853056029
hermeneutics.meta,Sun,1,-1.55985857958949
hermeneutics.meta,Mon,2,0.79918680312301
hinduism,Wed,4,1.09407820784633
hinduism,Thu,5,0.758905526821369
hinduism,Fri,6,0.518649003254805
hinduism,Sat,7,-1.26992733885184
hinduism,Sun,1,-1.49535321281553
hinduism,Mon,2,0.322884428496863
hinduism,Tue,3,0.0707633852479998
hinduism.meta,Wed,4,0.219717687201021
hinduism.meta,Thu,5,1.60080029246458
hinduism.meta,Fri,6,0.56498833851691
hinduism.meta,Sat,7,-1.22414140011997
hinduism.meta,Sun,1,-1.22414140011997
hinduism.meta,Mon,2,0.219717687201021
hinduism.meta,Tue,3,-0.156941205143586
history,Tue,3,0.592916466811237
history,Wed,4,0.827680352783773
history,Thu,5,0.801400813309236
history,Fri,6,0.265298208028667
history,Sat,7,-1.58302940168049
history,Sun,1,-1.26942689728434
history,Mon,2,0.36516045803191
history.meta,Tue,3,0.496840225813089
history.meta,Wed,4,0.734459464245435
history.meta,Thu,5,0.799264711090621
history.meta,Fri,6,0.496840225813089
history.meta,Sat,7,-1.40411368164569
history.meta,Sun,1,-1.49052067743927
history.meta,Mon,2,0.367229732122718
homebrew,Mon,2,0.605626008498978
homebrew,Tue,3,0.982995244855349
homebrew,Wed,4,0.918762183347881
homebrew,Thu,5,0.314971405177688
homebrew,Fri,6,-0.105755147696223
homebrew,Sat,7,-1.46428439857916
homebrew,Sun,1,-1.25231529560451
homebrew.meta,Mon,2,0.087565584731634
homebrew.meta,Tue,3,0.963221432047974
homebrew.meta,Wed,4,1.05078701677961
homebrew.meta,Thu,5,0.744307470218889
homebrew.meta,Fri,6,-0.262696754194902
homebrew.meta,Sun,1,-1.31348377097451
homebrew.meta,Sat,7,-1.26970097860869
hsm,Tue,3,1.31213101125146
hsm,Wed,4,1.11168994534784
hsm,Thu,5,0.522157398572468
hsm,Fri,6,-0.609745091236236
hsm,Sat,7,-1.25823089268914
hsm,Sun,1,-0.880930062752905
hsm,Mon,2,-0.197072308493479
hsm.meta,Tue,3,-0.335963679174096
hsm.meta,Wed,4,1.14476512903766
hsm.meta,Thu,5,0.709256656034203
hsm.meta,Fri,6,0.447951572232128
hsm.meta,Sat,7,-1.55538740358378
hsm.meta,Sun,1,0.622154961433511
hsm.meta,Mon,2,-1.03277723597963
interpersonal,Tue,3,0.625528937043787
interpersonal,Wed,4,0.682981454223066
interpersonal,Thu,5,0.916895274167275
interpersonal,Fri,6,0.472322224565708
interpersonal,Sat,7,-1.36342249101984
interpersonal,Sun,1,-1.48243127660549
interpersonal,Mon,2,0.148125877625489
interpersonal.meta,Tue,3,1.14551895714843
interpersonal.meta,Wed,4,0.969285271433287
interpersonal.meta,Thu,5,0.308408950001501
interpersonal.meta,Fri,6,0.1233635800006
interpersonal.meta,Sat,7,-1.28650590572054
interpersonal.meta,Sun,1,-1.40105780143539
interpersonal.meta,Mon,2,0.140986948572115
iot,Tue,3,1.59365422316674
iot,Wed,4,0.971633790541328
iot,Thu,5,0.196657513827705
iot,Fri,6,-0.588515819158466
iot,Sat,7,-1.22073330805642
iot,Sun,1,-0.782259888336871
iot,Mon,2,-0.170436511984011
iot.meta,Tue,3,1.16819359139766
iot.meta,Wed,4,1.33855515680982
iot.meta,Thu,5,0.103433807571668
iot.meta,Fri,6,-0.19469893189961
iot.meta,Sat,7,-0.407650888664809
iot.meta,Sun,1,-1.55759145519688
iot.meta,Mon,2,-0.450241280017848
iota,Tue,3,1.58011293193113
iota,Wed,4,0.466262832373122
iota,Thu,5,0.569876795122704
iota,Fri,6,0.259034906873957
iota,Sat,7,-1.24336755299499
iota,Sun,1,-0.725297739247078
iota,Mon,2,-0.906622174058848
iota.meta,Tue,3,-0.419557942105371
iota.meta,Wed,4,0.640377911634514
iota.meta,Thu,5,1.56782178365691
iota.meta,Fri,6,0.110409984764571
iota.meta,Sun,1,-1.21450983241029
iota.meta,Mon,2,-0.684541905540343
islam,Tue,3,0.674635954273507
islam,Wed,4,1.38941204361339
islam,Thu,5,-0.0746465669655457
islam,Fri,6,0.0190137481893359
islam,Sat,7,-1.83447459382306
islam,Sun,1,-0.424640376228524
islam,Mon,2,0.250699790940885
islam.meta,Tue,3,0.688713390655071
islam.meta,Wed,4,1.47835891614752
islam.meta,Thu,5,0.314670773316541
islam.meta,Fri,6,-0.0178115532065974
islam.meta,Sat,7,-0.973698241960619
islam.meta,Sun,1,-1.51398202256072
islam.meta,Mon,2,0.0237487376087949
italian,Tue,3,0.610258745188027
italian,Wed,4,1.77896181380283
italian,Thu,5,0.318082978034325
italian,Fri,6,-0.346868767901685
italian,Sat,7,-1.10249575191988
italian,Sun,1,-0.971520408023392
italian,Mon,2,-0.28641860918023
italian.meta,Tue,3,1.15847567654571
italian.meta,Wed,4,1.5779237663295
italian.meta,Thu,5,-0.449408667625492
italian.meta,Fri,6,-0.519316682589457
italian.meta,Sat,7,-0.449408667625492
italian.meta,Sun,1,-1.21839683222911
italian.meta,Mon,2,-0.0998685928056649
japanese,Tue,3,0.916092914903695
japanese,Wed,4,0.885390790401656
japanese,Thu,5,0.791237608595403
japanese,Fri,6,0.0298249209448376
japanese,Sat,7,-1.72019617567138
japanese,Sun,1,-0.889192005816194
japanese,Mon,2,-0.0131580533580169
japanese.meta,Tue,3,0.785117689070805
japanese.meta,Wed,4,1.02529507981483
japanese.meta,Thu,5,0.799245770879277
japanese.meta,Fri,6,0.333019071199699
japanese.meta,Sat,7,-1.26345417315765
japanese.meta,Sun,1,-1.37647882762542
japanese.meta,Mon,2,-0.302744610181544
joomla,Tue,3,1.05626151192684
joomla,Wed,4,0.766850695833621
joomla,Thu,5,0.652933672477781
joomla,Fri,6,0.0510207517732721
joomla,Sat,7,-1.26518269375705
joomla,Sun,1,-1.48839848276511
joomla,Mon,2,0.226514544510648
joomla.meta,Tue,3,1.03129654932465
joomla.meta,Wed,4,1.11775254747162
joomla.meta,Thu,5,0.642244557663252
joomla.meta,Fri,6,-0.135859425659534
joomla.meta,Sat,7,-1.51915539601115
joomla.meta,Sun,1,-0.957191408055809
joomla.meta,Mon,2,-0.179087424733022
judaism,Sun,1,0.254477456328507
judaism,Mon,2,0.501530632667369
judaism,Tue,3,0.537047791210799
judaism,Wed,4,0.521900767714336
judaism,Thu,5,0.553761748172413
judaism,Fri,6,-0.181652358138616
judaism,Sat,7,-2.18706603795481
judaism.meta,Tue,3,0.309726327084072
judaism.meta,Wed,4,0.922739764472922
judaism.meta,Thu,5,0.706382080688622
judaism.meta,Fri,6,-0.0057952951013654
judaism.meta,Sat,7,-2.09274545327076
judaism.meta,Sun,1,-0.20412317190364
judaism.meta,Mon,2,0.363815748030147
korean,Tue,3,0.574932690360986
korean,Wed,4,1.66220459269688
korean,Thu,5,0.0556386474542892
korean,Fri,6,-0.333831884725733
korean,Sat,7,-0.593478906179082
korean,Sun,1,-1.5509272977883
korean,Mon,2,0.185462158180963
korean.meta,Tue,3,1.22780569488246
korean.meta,Wed,4,1.13637335590185
korean.meta,Thu,5,0.0391852881345465
korean.meta,Sun,1,-0.783705762690933
korean.meta,Mon,2,-1.60659681351641
korean.meta,Fri,6,-0.0522470508460624
korean.meta,Sat,7,0.0391852881345465
languagelearning,Tue,3,1.21392816017493
languagelearning,Wed,4,1.07993346181134
languagelearning,Thu,5,0.532788443493334
languagelearning,Fri,6,-0.583834042869941
languagelearning,Sat,7,-1.25380753468791
languagelearning,Sun,1,-1.07514793686978
languagelearning,Mon,2,0.0861394489480241
languagelearning.meta,Tue,3,1.16110423348346
languagelearning.meta,Wed,4,0.88258390333322
languagelearning.meta,Thu,5,0.224263122978113
languagelearning.meta,Fri,6,-0.510017747417967
languagelearning.meta,Sat,7,-1.47217888793697
languagelearning.meta,Sun,1,0.680023663223956
languagelearning.meta,Mon,2,-0.96577828766381
latin,Tue,3,0.653297576717895
latin,Wed,4,0.772078954302966
latin,Thu,5,0.724566403268938
latin,Fri,6,0.795835229819981
latin,Sat,7,-0.700810127751923
latin,Sun,1,-1.75796438825906
latin,Mon,2,-0.487003648098794
latin.meta,Tue,3,1.43762418377565
latin.meta,Wed,4,0.818339919995371
latin.meta,Thu,5,-0.0589794536933603
latin.meta,Fri,6,0.663518854050301
latin.meta,Sat,7,-0.781477761437022
latin.meta,Sun,1,-0.884691805400402
latin.meta,Mon,2,-1.19433393729054
law,Tue,3,0.54058404492916
law,Wed,4,0.941622927616955
law,Thu,5,0.742535767996943
law,Fri,6,0.267018235667129
law,Sat,7,-1.39299628231556
law,Sun,1,-1.45888124161427
law,Mon,2,0.360116547719653
law.meta,Tue,3,0.00479088987353998
law.meta,Wed,4,1.61452988738302
law.meta,Thu,5,0.0383271189883208
law.meta,Fri,6,-0.39764385950383
law.meta,Sat,7,-0.76654237976642
law.meta,Mon,2,0.876732846857842
law.meta,Sun,1,-1.37019450383247
lifehacks,Tue,3,0.795489795275799
lifehacks,Wed,4,0.658350456531485
lifehacks,Thu,5,0.721205986789296
lifehacks,Fri,6,-0.0959159065622439
lifehacks,Sat,7,-1.54445017204906
lifehacks,Sun,1,-1.23588665987436
lifehacks,Mon,2,0.701206499889083
lifehacks.meta,Tue,3,0.381712446481699
lifehacks.meta,Wed,4,0.353287051530934
lifehacks.meta,Thu,5,1.37660126975847
lifehacks.meta,Fri,6,0.0121823121217564
lifehacks.meta,Sat,7,-1.94916993948101
lifehacks.meta,Sun,1,0.0121823121217564
lifehacks.meta,Mon,2,-0.186795452533597
linguistics,Tue,3,0.581931899881657
linguistics,Wed,4,1.10310939465796
linguistics,Thu,5,1.0780928749087
linguistics,Fri,6,-0.189410792387275
linguistics,Sat,7,-1.24010462185631
linguistics,Sun,1,-1.30681534118767
linguistics,Mon,2,-0.0268034140170677
linguistics.meta,Tue,3,1.119824343466
linguistics.meta,Wed,4,1.04371977643433
linguistics.meta,Thu,5,0.396830956665138
linguistics.meta,Fri,6,0.510987807212643
linguistics.meta,Sat,7,-1.20136495099994
linguistics.meta,Sun,1,-1.08720810045243
linguistics.meta,Mon,2,-0.782789832325751
literature,Wed,4,1.19878478806562
literature,Thu,5,0.148772266006093
literature,Fri,6,-0.858206955969028
literature,Sat,7,-1.32296659688062
literature,Sun,1,0.372545426445008
literature,Mon,2,-0.720500395698926
literature,Tue,3,1.18157146803186
literature.meta,Wed,4,1.61934212183931
literature.meta,Thu,5,0.430458032387664
literature.meta,Fri,6,-0.327968024676315
literature.meta,Sat,7,-1.45535810950115
literature.meta,Sun,1,-0.881414066317597
literature.meta,Mon,2,0.286972021591776
literature.meta,Tue,3,0.327968024676315
magento,Tue,3,0.674487012155324
magento,Wed,4,0.773885098157161
magento,Thu,5,0.695530751083641
magento,Fri,6,0.394918701797004
magento,Sat,7,-1.2850880472845
magento,Sun,1,-1.5935803051911
magento,Mon,2,0.339846789282472
magento.meta,Tue,3,0.913289725145442
magento.meta,Wed,4,0.710166759519449
magento.meta,Thu,5,0.53911584109756
magento.meta,Fri,6,0.421518334682512
magento.meta,Mon,2,0.282539463464727
magento.meta,Sat,7,-1.38520699114869
magento.meta,Sun,1,-1.481423132761
martialarts,Tue,3,0.897127346009108
martialarts,Wed,4,0.856392915163289
martialarts,Thu,5,0.510150252973828
martialarts,Fri,6,-0.0295809557332731
martialarts,Sat,7,-1.33987181460712
martialarts,Sun,1,-1.4484969635293
martialarts,Mon,2,0.554279219723465
martialarts.meta,Tue,3,-0.0160265619982443
martialarts.meta,Wed,4,0.993646843891149
martialarts.meta,Thu,5,0.797321459412656
martialarts.meta,Fri,6,0.797321459412656
martialarts.meta,Sat,7,-1.41835073684462
martialarts.meta,Sun,1,-1.30616480285691
martialarts.meta,Mon,2,0.152252338983321
math,Tue,3,0.835742931007073
math,Wed,4,0.96373793696783
math,Thu,5,0.530442612832332
math,Fri,6,-0.674598139329861
math,Sat,7,-1.78925968404566
math,Sun,1,-0.394482450025815
math,Mon,2,0.528416792594104
math.meta,Tue,3,0.562265028147061
math.meta,Wed,4,0.807991186842117
math.meta,Thu,5,0.990167476909141
math.meta,Fri,6,-0.340143106370988
math.meta,Sat,7,-0.87819866075499
math.meta,Sun,1,-1.69163697919379
math.meta,Mon,2,0.549555054421455
matheducators,Thu,5,0.203069784366871
matheducators,Fri,6,0.59028528717395
matheducators,Sat,7,-1.33560234520863
matheducators,Sun,1,-1.52411515578576
matheducators,Mon,2,0.845032328494397
matheducators,Tue,3,0.462911766513727
matheducators,Wed,4,0.758418334445445
matheducators.meta,Thu,5,-0.409196172890747
matheducators.meta,Fri,6,0.68779782251849
matheducators.meta,Sat,7,-0.165419729466472
matheducators.meta,Sun,1,-1.26241372487571
matheducators.meta,Mon,2,-0.835804948883227
matheducators.meta,Tue,3,0.261189046526009
matheducators.meta,Wed,4,1.72384770707166
mathematica,Tue,3,0.686372078157166
mathematica,Wed,4,0.846047622655205
mathematica,Thu,5,0.745680137542152
mathematica,Fri,6,0.359851883081585
mathematica,Sat,7,-1.4425265589973
mathematica,Sun,1,-1.41385013467928
mathematica,Mon,2,0.218424972240465
mathematica.meta,Tue,3,0.269434097537729
mathematica.meta,Wed,4,1.19724344954265
mathematica.meta,Thu,5,1.01472357701709
mathematica.meta,Fri,6,0.0412842568807811
mathematica.meta,Sat,7,-1.25156484017526
mathematica.meta,Sun,1,-1.37324475519229
mathematica.meta,Mon,2,0.102124214389301
mathoverflow,Mon,2,0.187783006946066
mathoverflow,Tue,3,0.685414080132301
mathoverflow,Wed,4,0.91788407052587
mathoverflow,Thu,5,0.784769360953082
mathoverflow,Fri,6,0.242268160944559
mathoverflow,Sat,7,-1.46813834006695
mathoverflow,Sun,1,-1.34998033943493
mathoverflow.meta,Tue,3,2.09280396372924
mathoverflow.meta,Wed,4,0.366758714435719
mathoverflow.meta,Thu,5,-0.184415398784062
mathoverflow.meta,Fri,6,-0.576039110808644
mathoverflow.meta,Sat,7,-0.721084930077007
mathoverflow.meta,Sun,1,-0.735589512003844
mathoverflow.meta,Mon,2,-0.242433726491408
mechanics,Mon,2,0.629445547339164
mechanics,Tue,3,0.79082392851047
mechanics,Wed,4,0.795714182485358
mechanics,Thu,5,0.47947775877593
mechanics,Fri,6,0.16405637739565
mechanics,Sat,7,-1.42935137608871
mechanics,Sun,1,-1.43016641841786
mechanics.meta,Mon,2,-0.257910787453655
mechanics.meta,Tue,3,1.50778614203675
mechanics.meta,Wed,4,0.912607401759088
mechanics.meta,Thu,5,0.257910787453655
mechanics.meta,Sat,7,-0.991964567129444
mechanics.meta,Sun,1,-1.32923251995345
mechanics.meta,Fri,6,-0.0991964567129444
moderators,Tue,3,1.68738657464669
moderators,Wed,4,1.03839173824411
moderators,Thu,5,-0.139783503225169
moderators,Fri,6,-0.249613398616374
moderators,Sat,7,-1.09829895391204
moderators,Sun,1,-0.718886588015156
moderators,Mon,2,-0.519195869122057
moderators.meta,Tue,3,1.24317234269858
moderators.meta,Wed,4,1.11065143307081
moderators.meta,Thu,5,-0.0378631170365048
moderators.meta,Fri,6,-0.612120392090164
moderators.meta,Sat,7,-1.274724940229
moderators.meta,Mon,2,0.536394158017154
moderators.meta,Sun,1,-0.965509484430877
monero,Tue,3,0.958894853513064
monero,Wed,4,1.2678720840895
monero,Thu,5,0.88431414268427
monero,Fri,6,-0.756461495549195
monero,Sat,7,-1.1932913732607
monero,Sun,1,-0.681880784720401
monero,Mon,2,-0.479447426756532
monero.meta,Tue,3,2.07173338244109
monero.meta,Wed,4,-0.974933356442865
monero.meta,Thu,5,0.365600008666074
monero.meta,Fri,6,-0.487466678221433
monero.meta,Sun,1,-0.365600008666074
monero.meta,Mon,2,-0.121866669555358
monero.meta,Sat,7,-0.487466678221433
money,Tue,3,0.802418039430081
money,Wed,4,0.757680221252282
money,Thu,5,0.607622122780914
money,Fri,6,0.458030043248897
money,Sat,7,-1.42794860430895
money,Sun,1,-1.44938547551915
money,Mon,2,0.251583653115928
money.meta,Wed,4,0.798263649666017
money.meta,Thu,5,0.389718338398268
money.meta,Fri,6,0.521507148484638
money.meta,Sat,7,-1.23128402566409
money.meta,Mon,2,0.574222672519187
money.meta,Tue,3,0.600580434536461
money.meta,Sun,1,-1.65300821794048
movies,Wed,4,0.480141153072497
movies,Thu,5,0.347152416430115
movies,Fri,6,0.0474959773722794
movies,Sat,7,-1.58032070165948
movies,Sun,1,-1.17185529625788
movies,Mon,2,1.02159529511648
movies,Tue,3,0.85579115592598
movies.meta,Wed,4,0.930484715911652
movies.meta,Thu,5,0.751073890448447
movies.meta,Fri,6,-0.0991774128336971
movies.meta,Sat,7,-1.62806966460709
movies.meta,Sun,1,-1.07423624687285
movies.meta,Mon,2,0.306447062126592
movies.meta,Tue,3,0.813477655826953
music,Tue,3,0.794596927405853
music,Wed,4,0.852007265154112
music,Thu,5,0.563851531456118
music,Fri,6,0.271279617931335
music,Sat,7,-1.65417478654875
music,Sun,1,-1.17943545516891
music,Mon,2,0.351874899770238
music.meta,Tue,3,0.897309636951528
music.meta,Wed,4,0.825112309840486
music.meta,Thu,5,0.391928347174231
music.meta,Fri,6,0.121188370507821
music.meta,Sat,7,-1.66569547549048
music.meta,Sun,1,-1.12421552215766
music.meta,Mon,2,0.554372333174077
musicfans,Tue,3,0.857851676612165
musicfans,Wed,4,1.04836442205268
musicfans,Thu,5,0.278692930472987
musicfans,Fri,6,-0.10233256040805
musicfans,Sat,7,-1.16920393487496
musicfans,Sun,1,-1.52736789630313
musicfans,Mon,2,0.613995362448301
musicfans.meta,Tue,3,0.553348347021038
musicfans.meta,Wed,4,1.77653942990965
musicfans.meta,Thu,5,0.222067428738706
musicfans.meta,Fri,6,0.120134838497989
musicfans.meta,Sat,7,-0.975640506589725
musicfans.meta,Sun,1,-1.05208994927026
musicfans.meta,Mon,2,-0.644359588307393
mythology,Tue,3,0.920715828528925
mythology,Wed,4,0.844353141328659
mythology,Thu,5,1.04289612804935
mythology,Fri,6,-0.667628065236613
mythology,Sat,7,-1.41598239979922
mythology,Sun,1,-0.927261201717518
mythology,Mon,2,0.202906568846422
mythology.meta,Tue,3,0.490551036378484
mythology.meta,Wed,4,1.56862250004748
mythology.meta,Thu,5,0.570408181835446
mythology.meta,Fri,6,-1.50587760004558
mythology.meta,Sat,7,-0.667377572747473
mythology.meta,Sun,1,-0.507663281833547
mythology.meta,Mon,2,0.0513367363651901
networkengineering,Tue,3,0.837565941309026
networkengineering,Wed,4,0.859312130077088
networkengineering,Thu,5,0.759090564450367
networkengineering,Fri,6,0.16910700830816
networkengineering,Sat,7,-1.4902217433418
networkengineering,Sun,1,-1.30585188204736
networkengineering,Mon,2,0.170997981244514
networkengineering.meta,Tue,3,1.2835209967042
networkengineering.meta,Wed,4,0.460669664658687
networkengineering.meta,Thu,5,0.749779592134139
networkengineering.meta,Fri,6,-0.117550190292217
networkengineering.meta,Sat,7,-1.09607609867067
networkengineering.meta,Sun,1,-1.51862137728864
networkengineering.meta,Mon,2,0.238277412754493
opendata,Wed,4,1.16130604637783
opendata,Thu,5,0.551438863939457
opendata,Fri,6,0.0117548096388349
opendata,Sat,7,-1.42578926325161
opendata,Sun,1,-1.30478386991066
opendata,Mon,2,0.27312645925528
opendata,Tue,3,0.732946953950877
opendata.meta,Wed,4,0.71798891529138
opendata.meta,Thu,5,1.03541559363073
opendata.meta,Fri,6,0.929606700850945
opendata.meta,Sat,7,-1.29238004752449
opendata.meta,Sun,1,-1.13366670835481
opendata.meta,Mon,2,-0.657526690845791
opendata.meta,Tue,3,0.400562236952033
opensource,Tue,3,0.748173565205025
opensource,Wed,4,1.02101449686175
opensource,Thu,5,0.701590967117291
opensource,Fri,6,0.408786064851538
opensource,Sat,7,-1.49444579987586
opensource,Sun,1,-1.21495021134946
opensource,Mon,2,-0.170169082810291
opensource.meta,Tue,3,1.14813096161837
opensource.meta,Wed,4,0.467480033232234
opensource.meta,Thu,5,0.598374442537259
opensource.meta,Fri,6,0.467480033232234
opensource.meta,Sat,7,-1.33886281517712
opensource.meta,Sun,1,-1.44357834262114
opensource.meta,Mon,2,0.100975687178163
outdoors,Tue,3,0.899274624690117
outdoors,Wed,4,0.858103504073948
outdoors,Thu,5,0.58126321027557
outdoors,Fri,6,0.081530987624138
outdoors,Sat,7,-1.42902323084496
outdoors,Sun,1,-1.38359302878574
outdoors,Mon,2,0.392443932966932
outdoors.meta,Tue,3,0.473272590782898
outdoors.meta,Wed,4,0.719687245488043
outdoors.meta,Thu,5,1.32203417921173
outdoors.meta,Fri,6,0.322685857351976
outdoors.meta,Sat,7,-1.27900939823147
outdoors.meta,Sun,1,-1.30638880430982
outdoors.meta,Mon,2,-0.252281670293363
parenting,Tue,3,0.598839085878214
parenting,Wed,4,0.827467927401806
parenting,Thu,5,0.611253321617052
parenting,Fri,6,0.242964328031536
parenting,Sat,7,-1.52916782368753
parenting,Sun,1,-1.35123044476419
parenting,Mon,2,0.599873605523117
parenting.meta,Tue,3,0.724057285097537
parenting.meta,Wed,4,0.755636107500545
parenting.meta,Thu,5,0.803004341105056
parenting.meta,Fri,6,0.471426705873474
parenting.meta,Sat,7,-1.21804029268745
parenting.meta,Sun,1,-1.59698616152354
parenting.meta,Mon,2,0.0609020146343723
patents,Wed,4,0.893469376353406
patents,Thu,5,0.700768233107271
patents,Fri,6,0.369208913110243
patents,Sat,7,-1.42744586362579
patents,Sun,1,-1.39343977952353
patents,Mon,2,0.0914925596084592
patents,Tue,3,0.765946560969934
patents.meta,Wed,4,-0.0445352938056021
patents.meta,Thu,5,0.890705876112041
patents.meta,Fri,6,1.07775411009557
patents.meta,Sat,7,-0.979776463723246
patents.meta,Sun,1,-1.66561998832952
patents.meta,Mon,2,0.516609408144984
patents.meta,Tue,3,0.204862351505769
pets,Tue,3,0.815189536414841
pets,Wed,4,1.11095982397912
pets,Thu,5,0.162455108686783
pets,Fri,6,0.177753571836659
pets,Sat,7,-1.59176866583237
pets,Sun,1,-1.13791425905271
pets,Mon,2,0.463324883967685
pets.meta,Tue,3,-0.344239651271345
pets.meta,Wed,4,1.82141992698003
pets.meta,Thu,5,0.586078899949315
pets.meta,Fri,6,0.113294062443734
pets.meta,Sat,7,-1.244055954911
pets.meta,Sun,1,-0.801773364986423
pets.meta,Mon,2,-0.130723918204308
philosophy,Tue,3,0.93450499682836
philosophy,Wed,4,0.720828314168789
philosophy,Thu,5,0.439851888939275
philosophy,Fri,6,0.559308932000925
philosophy,Sat,7,-1.28133902728703
philosophy,Sun,1,-1.5572679718238
philosophy,Mon,2,0.184112867173489
philosophy.meta,Tue,3,0.634397986846916
philosophy.meta,Wed,4,1.39079558654901
philosophy.meta,Thu,5,0.390398761136564
philosophy.meta,Fri,6,0.195199380568282
philosophy.meta,Sat,7,-1.3175958188359
philosophy.meta,Sun,1,-1.3175958188359
philosophy.meta,Mon,2,0.0243999225710352
photo,Thu,5,0.821525064157144
photo,Fri,6,0.319449760303872
photo,Sat,7,-1.65522516455092
photo,Sun,1,-1.21518456914141
photo,Mon,2,0.496857431180433
photo,Tue,3,0.62382566621954
photo,Wed,4,0.608751811831335
photo.meta,Thu,5,0.117465054344895
photo.meta,Fri,6,-0.187416154123315
photo.meta,Sat,7,-1.20368684901735
photo.meta,Sun,1,-1.24526155926301
photo.meta,Mon,2,1.2538404677264
photo.meta,Tue,3,1.17069104723507
photo.meta,Wed,4,0.094367993097303
physics,Tue,3,0.664994052545123
physics,Wed,4,0.81761062452542
physics,Thu,5,0.915786816119959
physics,Fri,6,0.0575862129602159
physics,Sat,7,-1.65942668302653
physics,Sun,1,-1.09697803398491
physics,Mon,2,0.300427010860728
physics.meta,Tue,3,0.502578036850851
physics.meta,Wed,4,0.903598853819924
physics.meta,Thu,5,0.59371913161655
physics.meta,Fri,6,-0.791625508822067
physics.meta,Sat,7,-1.81240577019789
physics.meta,Sun,1,-0.190094283368457
physics.meta,Mon,2,0.794229540101086
pm,Mon,2,0.339702327605425
pm,Tue,3,0.766479244339326
pm,Wed,4,0.944767251329989
pm,Thu,5,0.62719173887787
pm,Fri,6,0.132442519478778
pm,Sat,7,-1.55349344662668
pm,Sun,1,-1.25708963500471
pm.meta,Mon,2,-0.157662889554329
pm.meta,Tue,3,1.1036402268803
pm.meta,Wed,4,0.55182011344015
pm.meta,Thu,5,0.630651558217314
pm.meta,Fri,6,0.472988668662986
pm.meta,Sun,1,-0.827730170160225
pm.meta,Sat,7,-1.7737075074862
poker,Tue,3,1.09763093730183
poker,Wed,4,0.535037674458844
poker,Thu,5,0.390370835442075
poker,Fri,6,0.165333530304879
poker,Sat,7,-1.75552060997333
poker,Sun,1,-0.975927088605187
poker,Mon,2,0.543074721070886
poker.meta,Tue,3,1.46474659256476
poker.meta,Wed,4,0.682057573637025
poker.meta,Thu,5,-0.570244856647349
poker.meta,Fri,6,-0.570244856647349
poker.meta,Sun,1,-0.805051562325669
poker.meta,Mon,2,0.916864279315345
poker.meta,Sat,7,-1.11812716989676
politics,Tue,3,0.598788158641294
politics,Wed,4,1.0003056553095
politics,Thu,5,0.776486780477561
politics,Fri,6,0.300362992198707
politics,Sat,7,-1.35589668155765
politics,Sun,1,-1.44678070951971
politics,Mon,2,0.126733804450293
politics.meta,Tue,3,0.0581668680419701
politics.meta,Wed,4,1.04098636254422
politics.meta,Thu,5,1.09714747651578
politics.meta,Fri,6,0.619778007757544
politics.meta,Sat,7,-1.28969986727541
politics.meta,Sun,1,-1.26161931028963
politics.meta,Mon,2,-0.264759537294485
portuguese,Tue,3,1.37243617815468
portuguese,Wed,4,0.615975292557614
portuguese,Thu,5,0.470986956151509
portuguese,Fri,6,0.332302460458713
portuguese,Sat,7,-1.30669612500161
portuguese,Sun,1,-1.28778460286168
portuguese,Mon,2,-0.197220159459236
portuguese.meta,Tue,3,1.57797572919374
portuguese.meta,Wed,4,1.05425102596995
portuguese.meta,Thu,5,-0.183643727104443
portuguese.meta,Fri,6,-0.278866400417858
portuguese.meta,Sat,7,-0.0884210537910281
portuguese.meta,Sun,1,-1.27870447020872
portuguese.meta,Mon,2,-0.802591103641641
productivity,Wed,4,0.67151960328308
productivity,Thu,5,0.630260091608007
productivity,Fri,6,0.326707969998539
productivity,Sat,7,-1.49755186763506
productivity,Sun,1,-1.40029730440096
productivity,Mon,2,0.500587340629205
productivity,Tue,3,0.768774166517181
productivity.meta,Wed,4,0.82287057758849
productivity.meta,Thu,5,0.0685725481323742
productivity.meta,Fri,6,1.02858822198561
productivity.meta,Sat,7,-0.891443125720864
productivity.meta,Sun,1,-1.78288625144173
productivity.meta,Mon,2,0.411435288794245
productivity.meta,Tue,3,0.342862740661871
puzzling,Wed,4,0.789339491112591
puzzling,Thu,5,0.769600968497374
puzzling,Fri,6,0.527569084048885
puzzling,Sat,7,-1.35792979052847
puzzling,Sun,1,-1.49703937848333
puzzling,Mon,2,0.133268596568724
puzzling,Tue,3,0.635191028784233
puzzling.meta,Wed,4,1.23188365106931
puzzling.meta,Thu,5,0.445747373742186
puzzling.meta,Fri,6,0.364702396698152
puzzling.meta,Sat,7,-1.02116671075483
puzzling.meta,Sun,1,-1.6695265271071
puzzling.meta,Mon,2,0.0891494747484371
puzzling.meta,Tue,3,0.559210341603833
quant,Mon,2,0.397865222192599
quant,Tue,3,0.923891427989284
quant,Wed,4,0.699309463413987
quant,Thu,5,0.728132817156271
quant,Fri,6,0.0555878965029763
quant,Sat,7,-1.52969655932265
quant,Sun,1,-1.27509026793247
quant.meta,Mon,2,0.880394273045946
quant.meta,Tue,3,1.06714457338903
quant.meta,Wed,4,-0.55135802958433
quant.meta,Thu,5,1.06714457338903
quant.meta,Fri,6,-0.177857428898171
quant.meta,Sat,7,-1.14273398067075
quant.meta,Sun,1,-1.14273398067075
quantumcomputing,Mon,2,0.953008747238018
quantumcomputing,Tue,3,0.140352197320508
quantumcomputing,Wed,4,0.504228264447751
quantumcomputing,Thu,5,0.649778691298649
quantumcomputing,Fri,6,-0.320557487707334
quantumcomputing,Sat,7,-2.0671626099181
quantumcomputing,Sun,1,0.140352197320508
quantumcomputing.meta,Mon,2,1.91710646529467
quantumcomputing.meta,Tue,3,0.160595305993271
quantumcomputing.meta,Wed,4,-0.54200915772729
quantumcomputing.meta,Thu,5,0.0200744132491588
quantumcomputing.meta,Fri,6,0.230855752365327
quantumcomputing.meta,Sat,7,-0.471748711355234
quantumcomputing.meta,Sun,1,-1.31487406781991
raspberrypi,Tue,3,1.06423848158849
raspberrypi,Wed,4,0.84541916260013
raspberrypi,Thu,5,0.741406392139295
raspberrypi,Fri,6,-0.26045246295988
raspberrypi,Sat,7,-1.39183665485934
raspberrypi,Sun,1,-1.24072376192567
raspberrypi,Mon,2,0.241948843416983
raspberrypi.meta,Tue,3,1.04987847204898
raspberrypi.meta,Wed,4,0.701989747583049
raspberrypi.meta,Thu,5,-0.189475108860912
raspberrypi.meta,Fri,6,-0.58084992388509
raspberrypi.meta,Sat,7,-1.10268301058399
raspberrypi.meta,Sun,1,-1.12442605586311
raspberrypi.meta,Mon,2,1.24556587956107
retrocomputing,Tue,3,0.931314640327073
retrocomputing,Wed,4,0.903749302135574
retrocomputing,Thu,5,0.848618625752576
retrocomputing,Fri,6,-0.0472548654711414
retrocomputing,Sat,7,-1.51740623568442
retrocomputing,Sun,1,-1.13608572403535
retrocomputing,Mon,2,0.0170642569756896
retrocomputing.meta,Tue,3,0.435001652253129
retrocomputing.meta,Wed,4,1.35119982248538
retrocomputing.meta,Thu,5,0.515842667273622
retrocomputing.meta,Fri,6,0.327213632225805
retrocomputing.meta,Sat,7,-1.04708362312258
retrocomputing.meta,Sun,1,-1.5860237232592
retrocomputing.meta,Mon,2,0.00384957214383289
reverseengineering,Tue,3,0.720067512666309
reverseengineering,Wed,4,1.0958752306528
reverseengineering,Thu,5,0.518603581374582
reverseengineering,Fri,6,0.231904909920971
reverseengineering,Sat,7,-1.42242391049378
reverseengineering,Sun,1,-1.37205792767085
reverseengineering,Mon,2,0.228030603549977
reverseengineering.meta,Tue,3,1.06172662323711
reverseengineering.meta,Wed,4,1.10876514451977
reverseengineering.meta,Thu,5,-0.725737185503849
reverseengineering.meta,Fri,6,1.01468810195445
reverseengineering.meta,Sat,7,-0.819814228069162
reverseengineering.meta,Sun,1,-1.00796831319979
reverseengineering.meta,Mon,2,-0.631660142938535
robotics,Tue,3,0.800422194070324
robotics,Wed,4,0.943081783083495
robotics,Thu,5,0.704126971486434
robotics,Fri,6,-0.155397052317918
robotics,Sat,7,-1.29667376442328
robotics,Sun,1,-1.43933335343645
robotics,Mon,2,0.443773221537398
robotics.meta,Tue,3,0.983332349061497
robotics.meta,Wed,4,1.53769421027737
robotics.meta,Thu,5,0.29038002254165
robotics.meta,Fri,6,-0.171588195138248
robotics.meta,Sat,7,-1.00313098696206
robotics.meta,Sun,1,-1.14172145226603
robotics.meta,Mon,2,-0.494965947514176
rpg,Thu,5,0.669028347301699
rpg,Fri,6,0.40407270785258
rpg,Sat,7,-1.55150499554716
rpg,Sun,1,-1.36031353537039
rpg,Mon,2,0.56417074717015
rpg,Tue,3,0.659435696185564
rpg,Wed,4,0.615111032407559
rpg.meta,Thu,5,0.684349660107564
rpg.meta,Fri,6,0.235624186771212
rpg.meta,Sat,7,-1.28842539383964
rpg.meta,Sun,1,-1.56736285023791
rpg.meta,Mon,2,0.385199344549996
rpg.meta,Tue,3,0.708605091098718
rpg.meta,Wed,4,0.842009961550066
rus,Tue,3,0.751126676089351
rus,Wed,4,0.616866666013319
rus,Thu,5,0.796510341467165
rus,Fri,6,0.0987364862832793
rus,Sat,7,-1.63718871441809
rus,Sun,1,-1.18902501881218
rus,Mon,2,0.562973563377165
rus.meta,Mon,2,1.98408585049681
rus.meta,Tue,3,0.347530961074282
rus.meta,Thu,5,-0.139012384429713
rus.meta,Wed,4,-0.271706024112621
rus.meta,Sat,7,-0.71401815638898
rus.meta,Sun,1,-1.15633028866534
rus.meta,Fri,6,-0.0505499579744412
russian,Wed,4,0.173311046676226
russian,Thu,5,0.738134588958743
russian,Fri,6,0.0539821292925951
russian,Sat,7,-1.62060034465769
russian,Sun,1,-0.872805795720268
russian,Mon,2,1.42228704862489
russian,Tue,3,0.105691326825502
russian.meta,Wed,4,0.0331231468484329
russian.meta,Thu,5,1.83005386337592
russian.meta,Fri,6,0.61277821669601
russian.meta,Sat,7,-0.720428443953418
russian.meta,Sun,1,-0.778393950938176
russian.meta,Mon,2,0.0910886538331906
russian.meta,Tue,3,-1.06822148586196
salesforce,Tue,3,0.704699245409158
salesforce,Wed,4,0.807958894190769
salesforce,Thu,5,0.719281714893584
salesforce,Fri,6,0.319958523498439
salesforce,Sat,7,-1.42481424427328
salesforce,Sun,1,-1.44830384376711
salesforce,Mon,2,0.321219710048444
salesforce.meta,Wed,4,1.13558418018077
salesforce.meta,Thu,5,0.693968110110469
salesforce.meta,Fri,6,0.319554485485651
salesforce.meta,Mon,2,-0.122061584584648
salesforce.meta,Tue,3,0.67476741141176
salesforce.meta,Sun,1,-1.29330420520587
salesforce.meta,Sat,7,-1.40850839739813
scicomp,Tue,3,0.618762864372881
scicomp,Wed,4,0.925865243651871
scicomp,Thu,5,0.830145021538939
scicomp,Fri,6,0.347555568386241
scicomp,Sat,7,-1.35746088800036
scicomp,Sun,1,-1.44919276752525
scicomp,Mon,2,0.084324957575678
scicomp.meta,Tue,3,-0.159766697940409
scicomp.meta,Wed,4,1.96513038466703
scicomp.meta,Thu,5,0.511253433409309
scicomp.meta,Sat,7,-1.0544602064067
scicomp.meta,Sun,1,-0.607113452173555
scicomp.meta,Mon,2,-0.047930009382123
scicomp.meta,Fri,6,-0.607113452173555
scifi,Tue,3,0.636765877572683
scifi,Wed,4,0.796445838593907
scifi,Thu,5,0.592233617526924
scifi,Fri,6,0.147229104641082
scifi,Sat,7,-1.51318801992224
scifi,Sun,1,-1.34969100803995
scifi,Mon,2,0.690204589627595
scifi.meta,Tue,3,0.804512535656319
scifi.meta,Wed,4,0.869156014213444
scifi.meta,Thu,5,0.458479797497592
scifi.meta,Fri,6,0.25694424670185
scifi.meta,Sat,7,-1.23365831767421
scifi.meta,Sun,1,-1.6101115163304
scifi.meta,Mon,2,0.454677239935408
security,Thu,5,0.770482359234319
security,Fri,6,0.427175534577737
security,Sat,7,-1.49489761867046
security,Sun,1,-1.3890935707651
security,Mon,2,0.293453783783394
security,Tue,3,0.655170108171118
security,Wed,4,0.737709403668989
security.meta,Thu,5,0.700640399857826
security.meta,Fri,6,0.265634099424359
security.meta,Sat,7,-1.74733623199326
security.meta,Sun,1,-1.07350294308651
security.meta,Tue,3,0.854172035304932
security.meta,Mon,2,0.538579229108103
security.meta,Wed,4,0.46181341138455
serverfault,Thu,5,0.782558531945627
serverfault,Fri,6,0.341518752970665
serverfault,Sat,7,-1.40349622902051
serverfault,Sun,1,-1.45748631013835
serverfault,Mon,2,0.251837242389011
serverfault,Tue,3,0.669173322439193
serverfault,Wed,4,0.815894689414364
serverfault.meta,Mon,2,0.199160427991737
serverfault.meta,Tue,3,0.786836890896587
serverfault.meta,Wed,4,0.752520017150318
serverfault.meta,Thu,5,0.855470638389124
serverfault.meta,Sun,1,-1.50810404088512
serverfault.meta,Fri,6,0.224898083301439
serverfault.meta,Sat,7,-1.31078201684408
sharepoint,Tue,3,0.679654475314388
sharepoint,Wed,4,0.767425167250887
sharepoint,Thu,5,0.706088138955964
sharepoint,Fri,6,0.374062198486455
sharepoint,Sat,7,-1.4304622453037
sharepoint,Sun,1,-1.46024280692573
sharepoint,Mon,2,0.363475072221742
sharepoint.meta,Thu,5,0.633348191633207
sharepoint.meta,Fri,6,0.719553917716615
sharepoint.meta,Sat,7,-1.25086267847558
sharepoint.meta,Sun,1,-1.64494599771402
sharepoint.meta,Mon,2,0.423991428287786
sharepoint.meta,Tue,3,0.510197154371194
sharepoint.meta,Wed,4,0.608717984180804
sitecore,Tue,3,0.81260247747189
sitecore,Wed,4,0.739452064267121
sitecore,Thu,5,0.653938200943236
sitecore,Fri,6,0.393275460931876
sitecore,Mon,2,0.275822684800276
sitecore,Sat,7,-1.41075796894912
sitecore,Sun,1,-1.46433291946528
sitecore.meta,Tue,3,0.944675201312494
sitecore.meta,Wed,4,0.980613931797208
sitecore.meta,Fri,6,-0.420996557106655
sitecore.meta,Mon,2,0.0102682087099184
sitecore.meta,Thu,5,0.944675201312494
sitecore.meta,Sat,7,-1.06789370583151
sitecore.meta,Sun,1,-1.39134228019394
skeptics,Thu,5,0.556557186127225
skeptics,Fri,6,0.582921946115552
skeptics,Sat,7,-1.5181466191081
skeptics,Sun,1,-1.28491989613443
skeptics,Mon,2,0.061710921730921
skeptics,Tue,3,0.568725536891068
skeptics,Wed,4,1.03315092437776
skeptics.meta,Thu,5,1.02994450596024
skeptics.meta,Fri,6,1.42931074296523
skeptics.meta,Sat,7,-1.15606015975129
skeptics.meta,Sun,1,-1.14555052193537
skeptics.meta,Mon,2,-0.325798772293545
skeptics.meta,Tue,3,0.336308410109466
skeptics.meta,Wed,4,-0.168154205054733
softwareengineering,Wed,4,0.802323556003681
softwareengineering,Thu,5,0.746240492805035
softwareengineering,Fri,6,0.439586759217764
softwareengineering,Sat,7,-1.37335110857171
softwareengineering,Sun,1,-1.48327888654865
softwareengineering,Mon,2,0.167005662695744
softwareengineering,Tue,3,0.701473524398135
softwareengineering.meta,Wed,4,1.07201202854479
softwareengineering.meta,Thu,5,0.695732734857866
softwareengineering.meta,Fri,6,0.75665414431194
softwareengineering.meta,Sat,7,-1.3325918387307
softwareengineering.meta,Sun,1,-1.37917879890147
softwareengineering.meta,Mon,2,-0.128498098932542
softwareengineering.meta,Tue,3,0.315869828850113
softwarerecs,Tue,3,0.843781902801806
softwarerecs,Wed,4,0.965612253430127
softwarerecs,Thu,5,0.570238285353312
softwarerecs,Fri,6,0.186357746581056
softwarerecs,Sat,7,-1.41007958382213
softwarerecs,Sun,1,-1.39628746865666
softwarerecs,Mon,2,0.240376864312482
softwarerecs.meta,Tue,3,-0.0423875024009348
softwarerecs.meta,Wed,4,1.76755885011898
softwarerecs.meta,Thu,5,0.50653065369117
softwarerecs.meta,Fri,6,-0.146236883283225
softwarerecs.meta,Sat,7,-0.724826291055984
softwarerecs.meta,Sun,1,-1.43693633139169
softwarerecs.meta,Mon,2,0.0762975043216825
sound,Mon,2,0.214930518259782
sound,Tue,3,0.930591054735598
sound,Fri,6,0.331109176778584
sound,Sat,7,-1.30003918882539
sound,Sun,1,-1.53704365220374
sound,Wed,4,0.688939445016492
sound,Thu,5,0.671512646238671
sound.meta,Wed,4,0.686450577644211
sound.meta,Thu,5,0.0262004037268783
sound.meta,Fri,6,-0.340605248449418
sound.meta,Mon,2,0.209603229815026
sound.meta,Sun,1,-1.1842582484549
sound.meta,Tue,3,1.67682583852021
sound.meta,Sat,7,-1.07421655280201
space,Tue,3,0.63796701779115
space,Wed,4,1.06996618071422
space,Thu,5,0.568633818803497
space,Fri,6,0.365967544839589
space,Sat,7,-1.55758428348452
space,Sun,1,-1.24114045220754
space,Mon,2,0.156190173543613
space.meta,Tue,3,0.129816214176907
space.meta,Wed,4,1.64433871290749
space.meta,Thu,5,0.826496563592976
space.meta,Fri,6,-0.0822169356453748
space.meta,Sat,7,-1.38470628455368
space.meta,Sun,1,-0.688025935137608
space.meta,Mon,2,-0.445702335340715
spanish,Tue,3,0.758753253293209
spanish,Wed,4,0.630550117391943
spanish,Thu,5,0.785392865948018
spanish,Fri,6,0.399118482453293
spanish,Sat,7,-1.28417204217242
spanish,Sun,1,-1.58553266032995
spanish,Mon,2,0.29588998341591
spanish.meta,Tue,3,1.23188577066981
spanish.meta,Wed,4,0.796579981514851
spanish.meta,Thu,5,0.402731886565129
spanish.meta,Mon,2,0.112528027128492
spanish.meta,Fri,6,0.153985721333726
spanish.meta,Sat,7,-1.27630472874684
spanish.meta,Sun,1,-1.42140665846516
sports,Wed,4,0.388105585943959
sports,Thu,5,0.734870264661565
sports,Fri,6,0.0962245254406512
sports,Sat,7,-1.66005125741686
sports,Sun,1,-1.12119391494921
sports,Mon,2,0.96438357719408
sports,Tue,3,0.597661219125822
sports.meta,Wed,4,0.61782217028346
sports.meta,Thu,5,0.997556772506465
sports.meta,Fri,6,0.111509367319454
sports.meta,Sat,7,-1.3230435744119
sports.meta,Sun,1,-1.47071814194307
sports.meta,Mon,2,0.280280301640789
sports.meta,Tue,3,0.786593104604796
sqa,Tue,3,0.721189412529045
sqa,Wed,4,0.792749958167722
sqa,Thu,5,0.788540514306624
sqa,Fri,6,0.288218043958898
sqa,Sat,7,-1.39856624609564
sqa,Sun,1,-1.45629576190499
sqa,Mon,2,0.264164079038334
sqa.meta,Tue,3,1.20131678624163
sqa.meta,Wed,4,0.700342126447249
sqa.meta,Thu,5,0.0562318495687572
sqa.meta,Fri,6,0.592990413634167
sqa.meta,Sat,7,-1.37512432127234
sqa.meta,Mon,2,0.163583562381839
sqa.meta,Sun,1,-1.33934041700131
stackapps,Wed,4,0.852767926370325
stackapps,Thu,5,1.16016101610847
stackapps,Fri,6,0.337140808099896
stackapps,Sat,7,-1.37831095076134
stackapps,Sun,1,-1.28906779567607
stackapps,Mon,2,-0.158654497929363
stackapps,Tue,3,0.475963493788088
stackexchange.meta,Sun,1,-1.4516332650508
stackexchange.meta,Mon,2,0.13292450170468
stackexchange.meta,Tue,3,0.585272487140996
stackexchange.meta,Wed,4,0.785224332889574
stackexchange.meta,Thu,5,0.791987222375646
stackexchange.meta,Fri,6,0.561155768030287
stackexchange.meta,Sat,7,-1.40493104709038
startups,Wed,4,0.95426193728294
startups,Thu,5,0.886143813015452
startups,Fri,6,0.230506866940876
startups,Sat,7,-1.24254757034356
startups,Sun,1,-1.54482174678054
startups,Mon,2,0.17941827374026
startups,Tue,3,0.537038426144574
startups.meta,Wed,4,-0.0176434724959464
startups.meta,Thu,5,0.846886679805431
startups.meta,Fri,6,0.291117296183117
startups.meta,Sat,7,-0.882173624797323
startups.meta,Mon,2,0.414621603654742
startups.meta,Tue,3,1.09389529474868
startups.meta,Sun,1,-1.7467037770987
stats,Mon,2,0.31314033479954
stats,Tue,3,0.764079984391089
stats,Wed,4,0.894430687572721
stats,Thu,5,0.662627786160103
stats,Fri,6,0.20332601598709
stats,Sat,7,-1.49529121330336
stats,Sun,1,-1.34231359560718
stats.meta,Mon,2,0.488401610413775
stats.meta,Tue,3,0.795296697747386
stats.meta,Wed,4,0.439298396440397
stats.meta,Thu,5,0.709366073293975
stats.meta,Fri,6,0.469987905173758
stats.meta,Sat,7,-1.44503743978797
stats.meta,Sun,1,-1.45731324328132
stellar,Wed,4,0.843092260610408
stellar,Thu,5,0.931364740887994
stellar,Fri,6,-0.0396325421654469
stellar,Sat,7,-1.5402647068844
stellar,Sun,1,-1.19978514009943
stellar,Mon,2,0.275626315968787
stellar,Tue,3,0.729599071682084
stellar.meta,Wed,4,0.331261193372515
stellar.meta,Thu,5,-0.240917231543647
stellar.meta,Fri,6,2.13814042994987
stellar.meta,Sat,7,-0.602293078859118
stellar.meta,Mon,2,-0.451719809144339
stellar.meta,Tue,3,-0.542063770973206
stellar.meta,Sun,1,-0.632407732802074
superuser,Wed,4,0.870045830828754
superuser,Tue,3,0.692931106483964
superuser,Thu,5,0.727776503338754
superuser,Sat,7,-1.45081161250405
superuser,Sun,1,-1.40333716573946
superuser,Fri,6,0.293768422292129
superuser,Mon,2,0.269626915299915
superuser.meta,Wed,4,0.599548101072472
superuser.meta,Tue,3,0.656347394858285
superuser.meta,Thu,5,0.82358975989429
superuser.meta,Mon,2,0.536437774643791
superuser.meta,Fri,6,0.271374403643329
superuser.meta,Sat,7,-1.41367131200246
superuser.meta,Sun,1,-1.47362612210971
sustainability,Tue,3,0.67070041297531
sustainability,Wed,4,1.32811962965408
sustainability,Thu,5,0.644138020382228
sustainability,Fri,6,-0.0796871777792447
sustainability,Sat,7,-1.22187005928175
sustainability,Sun,1,-1.3679632185437
sustainability,Mon,2,0.0265623925930816
sustainability.meta,Tue,3,0.897861356333799
sustainability.meta,Wed,4,0.897861356333799
sustainability.meta,Thu,5,0.775821948676778
sustainability.meta,Fri,6,-0.810690350864498
sustainability.meta,Sat,7,-1.11578887000705
sustainability.meta,Sun,1,-1.23782827766407
sustainability.meta,Mon,2,0.592762837191246
tex,Mon,2,0.341780791841765
tex,Tue,3,0.872578815123145
tex,Wed,4,0.875112101590237
tex,Thu,5,0.673492302179876
tex,Fri,6,0.0193083262659905
tex,Sat,7,-1.51660835704709
tex,Sun,1,-1.26566397995393
tex.meta,Mon,2,0.492344028412774
tex.meta,Tue,3,0.150924150765785
tex.meta,Wed,4,-0.100309344106528
tex.meta,Thu,5,1.19450943715847
tex.meta,Fri,6,0.885298981931007
tex.meta,Sat,7,-1.11812709256359
tex.meta,Sun,1,-1.50464016159792
tor,Wed,4,0.908166125607313
tor,Thu,5,1.53967237189054
tor,Fri,6,-0.767430447864192
tor,Sat,7,-1.32315594459344
tor,Sun,1,-0.39694678337803
tor,Mon,2,-0.371686533526701
tor,Tue,3,0.411381211864505
tor.meta,Wed,4,1.72827295906683
tor.meta,Thu,5,1.01242025412791
tor.meta,Fri,6,-0.920382049207188
tor.meta,Sat,7,-0.061358803280479
tor.meta,Sun,1,-0.490870426243834
tor.meta,Mon,2,-0.419285155749941
tor.meta,Tue,3,-0.848796778713296
travel,Tue,3,0.884883388951746
travel,Wed,4,0.73442308059196
travel,Thu,5,0.438658424594997
travel,Fri,6,-0.157558124419482
travel,Sat,7,-1.63310033848991
travel,Sun,1,-1.07110061972547
travel,Mon,2,0.80379418849616
travel.meta,Tue,3,0.804223390189921
travel.meta,Wed,4,0.338787018702054
travel.meta,Thu,5,0.981532484090061
travel.meta,Fri,6,-0.0306069269232382
travel.meta,Sat,7,-1.36781301008679
travel.meta,Sun,1,-1.39736452573682
travel.meta,Mon,2,0.671241569764816
tridion,Tue,3,0.770155863619177
tridion,Wed,4,0.706767640832052
tridion,Thu,5,0.774794026262137
tridion,Fri,6,0.291652084287101
tridion,Sat,7,-1.42369506650106
tridion,Sun,1,-1.44533982550155
tridion,Mon,2,0.325665277002144
tridion.meta,Tue,3,1.48624744317631
tridion.meta,Wed,4,0.58646520730741
tridion.meta,Thu,5,0.445874232952894
tridion.meta,Fri,6,-0.00401688498155769
tridion.meta,Sat,7,-1.15686287468859
tridion.meta,Sun,1,-1.38180843365581
tridion.meta,Mon,2,0.0241013098893455
ukrainian,Tue,3,1.43264476368497
ukrainian,Wed,4,0.481665049859603
ukrainian,Thu,5,0.395212348602751
ukrainian,Fri,6,-0.284058875558227
ukrainian,Sat,7,-1.61790055209251
ukrainian,Sun,1,-0.82747585488701
ukrainian,Mon,2,0.419913120390423
ukrainian.meta,Tue,3,1.2582228764026
ukrainian.meta,Wed,4,0.808201555645468
ukrainian.meta,Thu,5,-0.86330620716675
ukrainian.meta,Fri,6,-1.31332752792389
ukrainian.meta,Sat,7,-0.606151166734101
ukrainian.meta,Sun,1,-0.220418606085128
ukrainian.meta,Mon,2,0.936779075861793
unix,Tue,3,0.679454226210942
unix,Wed,4,0.8848131475672
unix,Thu,5,0.735537301200899
unix,Fri,6,0.373927026638792
unix,Sat,7,-1.46239840056137
unix,Sun,1,-1.38101748743332
unix,Mon,2,0.169684186376862
unix.meta,Tue,3,-0.324886621989274
unix.meta,Wed,4,0.510536120268859
unix.meta,Fri,6,0.765804180403288
unix.meta,Sat,7,-0.800613461330711
unix.meta,Mon,2,0.0696185618548444
unix.meta,Sun,1,-1.58962382901895
unix.meta,Thu,5,1.36916504981194
ux,Mon,2,0.36301283158746
ux,Tue,3,0.737613105180704
ux,Wed,4,0.793920831177562
ux,Thu,5,0.669898990959402
ux,Fri,6,0.314671471969579
ux,Sat,7,-1.41312476336166
ux,Sun,1,-1.46599246751305
ux.meta,Mon,2,0.371881889094361
ux.meta,Tue,3,0.942188390391012
ux.meta,Wed,4,0.739821567350265
ux.meta,Thu,5,0.519057760396723
ux.meta,Fri,6,0.279896969530385
ux.meta,Sat,7,-1.49541197805435
ux.meta,Sun,1,-1.35743459870839
vegetarianism,Tue,3,0.573260666835741
vegetarianism,Wed,4,1.68718858466706
vegetarianism,Thu,5,0.345106755954627
vegetarianism,Fri,6,-0.285671703540218
vegetarianism,Sat,7,-1.2653914385003
vegetarianism,Sun,1,-1.01039589104493
vegetarianism,Mon,2,-0.0440969743719799
vegetarianism.meta,Tue,3,0.251714289298694
vegetarianism.meta,Wed,4,1.5568994930697
vegetarianism.meta,Thu,5,0.121195768921594
vegetarianism.meta,Fri,6,-0.531396832963911
vegetarianism.meta,Sat,7,-0.727174613529562
vegetarianism.meta,Mon,2,0.773788370807098
vegetarianism.meta,Sun,1,-1.44502647560362
vi,Tue,3,0.644229647929086
vi,Wed,4,0.840641125956247
vi,Thu,5,0.90545691370521
vi,Fri,6,0.642265533148815
vi,Sat,7,-1.3139927880017
vi,Sun,1,-1.32970570624388
vi,Mon,2,-0.388894726493778
vi.meta,Tue,3,1.6208731547084
vi.meta,Wed,4,0.515521261239635
vi.meta,Thu,5,0.645562660471254
vi.meta,Fri,6,-0.199706434534273
vi.meta,Sat,7,-1.17501692877142
vi.meta,Sun,1,-1.07748587934771
vi.meta,Mon,2,-0.329747833765893
webapps,Wed,4,1.04668616338936
webapps,Thu,5,0.778214038967038
webapps,Fri,6,0.322805768650651
webapps,Sat,7,-1.41430831048194
webapps,Sun,1,-1.38944978044284
webapps,Mon,2,0.172163076613681
webapps,Tue,3,0.483889043304046
webapps.meta,Wed,4,-0.263888048559967
webapps.meta,Thu,5,1.44816612014616
webapps.meta,Fri,6,0.389395778972634
webapps.meta,Sat,7,-0.759482676343319
webapps.meta,Sun,1,-1.63803678923199
webapps.meta,Mon,2,0.209179550687778
webapps.meta,Tue,3,0.614666064328703
webmasters,Thu,5,0.826278078250381
webmasters,Fri,6,0.367197167235554
webmasters,Sat,7,-1.40595640297551
webmasters,Sun,1,-1.45797881673289
webmasters,Mon,2,0.240857019539052
webmasters,Tue,3,0.722571058617156
webmasters,Wed,4,0.70703189606625
webmasters.meta,Thu,5,1.39312349739282
webmasters.meta,Fri,6,0.821166636293127
webmasters.meta,Sat,7,-0.766013653258514
webmasters.meta,Sun,1,-1.60965002338056
webmasters.meta,Mon,2,-0.251252478268793
webmasters.meta,Tue,3,0.377900068940867
webmasters.meta,Wed,4,0.0347259522810525
windowsphone,Tue,3,0.798267527030874
windowsphone,Wed,4,1.46452913937176
windowsphone,Thu,5,0.250981202608004
windowsphone,Fri,6,-0.0385253313258338
windowsphone,Sat,7,-1.36708271307701
windowsphone,Sun,1,-1.13309798017157
windowsphone,Mon,2,0.0249281555637744
windowsphone.meta,Tue,3,1.07214412947828
windowsphone.meta,Wed,4,1.20696464875399
windowsphone.meta,Thu,5,0.0834603214563931
windowsphone.meta,Fri,6,0.263221013824009
windowsphone.meta,Sat,7,-1.30968504439263
windowsphone.meta,Sun,1,-1.26474487130073
windowsphone.meta,Mon,2,-0.051360197819319
woodworking,Tue,3,1.18588315671902
woodworking,Wed,4,0.687888845406464
woodworking,Thu,5,0.438891689750186
woodworking,Fri,6,-0.18168583665469
woodworking,Sat,7,-1.51860902625532
woodworking,Sun,1,-1.14319793003509
woodworking,Mon,2,0.530829101069427
woodworking.meta,Tue,3,1.23878397059177
woodworking.meta,Wed,4,1.02199677573821
woodworking.meta,Thu,5,0.198205435294683
woodworking.meta,Fri,6,-0.495513588236707
woodworking.meta,Sat,7,-0.929087977943826
woodworking.meta,Sun,1,-1.44937724559237
woodworking.meta,Mon,2,0.414992630148242
wordpress,Wed,4,0.832880200637278
wordpress,Thu,5,0.730950303099622
wordpress,Fri,6,0.240743264310535
wordpress,Sat,7,-1.44017081037074
wordpress,Sun,1,-1.4171543818945
wordpress,Mon,2,0.329520917004622
wordpress,Tue,3,0.72323050721318
wordpress.meta,Wed,4,1.11267614727898
wordpress.meta,Thu,5,0.613398388884564
wordpress.meta,Fri,6,0.233947292504811
wordpress.meta,Sat,7,-1.19398709650321
wordpress.meta,Mon,2,-0.0356626970281722
wordpress.meta,Tue,3,0.783152826738665
wordpress.meta,Sun,1,-1.51352486187563
workplace,Tue,3,0.711816689143248
workplace,Wed,4,0.804547730730022
workplace,Thu,5,0.710882371343885
workplace,Fri,6,0.445769695774641
workplace,Sat,7,-1.35606218029685
workplace,Sun,1,-1.50578660764477
workplace,Mon,2,0.188832300949823
workplace.meta,Tue,3,0.916183582859478
workplace.meta,Wed,4,0.631738650274483
workplace.meta,Thu,5,0.79102781252208
workplace.meta,Fri,6,0.282819532970223
workplace.meta,Sat,7,-1.33662028321368
workplace.meta,Sun,1,-1.49211684636014
workplace.meta,Mon,2,0.206967550947558
worldbuilding,Tue,3,0.740786889046526
worldbuilding,Wed,4,0.76199917009808
worldbuilding,Thu,5,0.608657379363955
worldbuilding,Fri,6,0.380178111170107
worldbuilding,Sat,7,-1.48036894973728
worldbuilding,Sun,1,-1.41468754937283
worldbuilding,Mon,2,0.40343494943145
worldbuilding.meta,Tue,3,1.014535744732
worldbuilding.meta,Wed,4,0.707119957589245
worldbuilding.meta,Thu,5,0.377427664131793
worldbuilding.meta,Fri,6,0.136841395933112
worldbuilding.meta,Sat,7,-1.49825416756533
worldbuilding.meta,Sun,1,-1.31558681578485
worldbuilding.meta,Mon,2,0.577916220964028
writers,Thu,5,0.461368043808768
writers,Fri,6,0.483126498232858
writers,Sat,7,-1.43368972484175
writers,Sun,1,-1.46062876365252
writers,Mon,2,0.39505656365916
writers,Tue,3,0.77013087325538
writers,Wed,4,0.784636509538107
writers.meta,Thu,5,0.870168567979008
writers.meta,Fri,6,-0.278453941753283
writers.meta,Sat,7,-1.18342925245145
writers.meta,Sun,1,-0.957185424776909
writers.meta,Mon,2,-0.643924740304466
writers.meta,Tue,3,1.21823599517061
writers.meta,Wed,4,0.974588796136489
